1,"26-27 GLIA Endorsement - Increased Receipts to $3,750,000.pdf",NULL,26-27 CPKG Binder.pdf,26-27 GLIA - Quote - Central La Ins- Revised.pdf,"26-27 WCOM LWCC $38,497.pdf",26-27 GLIA Policy.pdf,31425 CPKG Endt- AI added -Greenwell Springs Center.pdf,25-26 WC Policy.pdf,26-27 GLIA Signed App.pdf
2,26-27 CPKG Premium Change Notice Effective 2026-03-15 Reductions in Coverage.pdf,NULL,26-27 PROF Binder.pdf,26-27 PROP - Quote - Central La Ins- Revised.pdf,26-27 GLIAPROPCWIN Proposal.docx,26-27 PROP Policy.pdf,25-26 GLIA Endt - Remove 809 W Main St - Location sold.pdf,25-26 BOP Renewal Policy.pdf,26-27 PROP Signed App.pdf
3,POL Policy (un-specified).pdf,NULL,26-27 GLIA Binder.pdf,26-27 CPKG Signed Quote.pdf,25-26 CPKG Signed Proposal.pdf,26-27 CPKG POLICY.pdf,"25-26 WCOM Endorsement - Amended State LA; Code 8006 STORECONVENIENCE - RETAIL; Payroll $38,675.pdf",25-26 GLIA policy.pdf,26-27 CPKG Signed Accord.pdf
4,26-27 BRSK Endorsement-Vermilion Parish Hospital Service District No 2.pdf,NULL,26-27 GLIA Binder.pdf,26-27 Renewal Quote.pdf,26-27 PROP signed proposal.pdf,26-27 WCOM Policy.pdf,22825 CPKG Signed Change- Remove BPP coverage.pdf,25-26 FIRE Policy.pdf,2026 GLIA Signed App.pdf
5,"26-27 WCOM Endorsement - Added Additional insured, LA class code 8107 with 0 payroll.pdf",NULL,26-27 CUMB Binder.pdf,2026 GLIA Signed Quote.pdf,25-26 CPKG Signed Proposal.pdf,26-27 WCOM Policy - Insured Copy.pdf,22825 CPKG Endt- Amended Limitsexposures.pdf,25- 26 GLIA Policy.pdf,26-27 WCOM Signed Accord.pdf
6,26-27 GLIA Endt - Update location address.pdf,NULL,26-27 CPKG Binder.pdf,26-27 SIGNED WCOM REN QTE - HBSIF.pdf,26-27 PROP signed proposal.pdf,2026 GLIA Policy.pdf,25-26 CPKG Endt - Remove Property Coverage - Agent Copy.pdf,25-26 BOP Policy.pdf,26-27 CPKG Signed App.pdf
7,26-27 CPKG Premium Change Effective 030126- will increase to a change in rates or premium modificati.pdf,NULL,26-27 CPKG Binder.pdf,26-27 WCOM Signed Quote.pdf,25-26 CPKG & LIQL Proposal.pdf,26-27 BOP Policy.pdf,22825 CUMB Endt- Amended Limitsexposures.pdf,25-26 CPKG Policy.pdf,26-27 CFLD signed app.pdf
8,26-27 CUMB Endt Correcting Forms & Endorsements.pdf,NULL,26-27 WCOM Binder.pdf,26-27 CFLD Wright Flood quote.pdf,LA Custom Airboats LLC WCOM Proposal.pdf,26-27 WCOM Policy.pdf,Policy Activity Agent PDF for Policy USO56912765 Activity 1.pdf,25-26 BOP Policy.pdf,26-27 XS FLD signed app.pdf
9,26-27 WCOM ENDT- Amend named insured.pdf,NULL,Attachment.pdf,26-27 XS FLOOD Signed Qte.pdf,25-26 PROPGLIA Signed Proposal.pdf,26-27 WCOM Policy.pdf,25-26 FIRE Eff 3272025 Change NI to personal name.pdf,25-26 CPKG Policy.pdf,26-27 PROF Signed Accord.pdf
10,25-26 BAUT Endt - Add 2019 Ford F250 #39290.pdf,NULL,26-27 CPKG EQFL Binder - Gridiron.pdf,26-27 GL Signed Quote.pdf,25-26 CPKG & LIQR Proposal.pdf,26-27 GLIA Policy.pdf,25-26 WCOM Endorsement - DEL NI & 8748 code.pdf,RWL Renewal Image 43SBAAW8EP1 BOP Effective 2025-03-14 Agent Policy Delivery Required.pdf,26-27 GL Signed App.pdf
11,11626 MISC (D&O) Endt- Amending Mailing Address.pdf,NULL,26-27 PROF Binder.pdf,"26-27 BOP Quote - $13,407.pdf",25-26 WCOM - LA Proposal.pdf,26-27 CPKG Policy.pdf,25-26 GLIA Endt - Update location address.pdf,25-26 CPKG Policy.pdf,26-27 BOP Signed App.pdf
12,26-27 BAUT Endorsement - Changed mailing address.pdf,NULL,26-27 GLIA Binder.pdf,26-27 PROP signed proposal & TRIA.pdf,26-27 CPKG Signed Proposal.pdf,26-27 CFLD policy.pdf,25-26 WCOM Endt - Lowered Rates.pdf,25-26 GLIA Policy.pdf,26-27 PROP signed app.pdf
13,26-27 EQFL Endt #1.pdf,NULL,26-27 PROP Binder.pdf,26-27 BOP-CUMB Quote- Hartford.pdf,NULL,26-27 CFLX Policy.pdf,24-25 BAUT Endt - Add 2019 Ford F250 #39290.pdf,25-26 WCOM Policy.pdf,26-27 GLIA signed acord app.pdf
14,26-27 WCOM Endt - Update Mailing Address.pdf,NULL,26-27 GLIA Binder.pdf,26-27 WCOM Proposal - Hartford.pdf,NULL,26-27 PROF Policy.pdf,24-25 BAUTO Endt + 2020 GMC Vin#3590.pdf,25-26 CPKG Policy.pdf,26-27 CUMB signed App.pdf
15,"26-27 BOP Endorsement - Changed Personal property limit to $1,000,000.pdf",NULL,26-27 PROP Binder.pdf,26-27 PROFProposal.pdf,NULL,26-27 FIRE Policy.pdf,24-25 BAUTO Endt + 2020 GMC Vin#3590.pdf,25-26 BOP Policy.pdf,26-27 CPKG Signed App.pdf
16,26-27 CPKG Endt-chg BPP limit to $330K.pdf,NULL,26-27 WCOM Binder.pdf,26-27 GLIA Quote.pdf,NULL,26-27 GLIA Policy.pdf,25-26 WCOM Endt - Add Alt Employer.pdf,25-26 WCOM Policy.pdf,26-27 CFLD signed app.pdf
17,NULL,NULL,26-27 CPKG Binder - 403 Church.pdf,111499820_NAUTILUS XS QUOTE.pdf,NULL,26-27 GLIA Policy.pdf,"21425 CPKG Endt- Remove TRIA, Identiy Recovery, and amended property extension to basic.pdf",25-26 BOP Policy.pdf,26-27 GLIA Signed App.pdf
18,NULL,NULL,26-27 CPKG Binder.pdf,GLIA QTE.pdf,NULL,26-27 BOP Policy.pdf,"21425 CPKG Endt- Amend building limit to $950,000 ACV.pdf",25-26 BOP Policy.pdf,CUMB Application.pdf
19,NULL,NULL,26-27 GLIA Binder.pdf,26-27 BAUT Signed Quote.pdf,NULL,26-27 GLIA Policy.pdf,21425 CPKG Endt- Correcting the square footage of building.pdf,25-26 CPKG Policy.pdf,26-27 GLIA Review Application.pdf
20,NULL,NULL,26-27 GLIA Binder.pdf,26-27 GLIA Signed Quote.pdf,NULL,26-27 CPKG Policy.pdf,"3625 CPKG Endt- Amend building limit to $928,285.pdf",25-26 CUMB Policy.pdf,26-27 CPKG signed app.pdf
21,NULL,NULL,26-27 GLIA (MGL) BINDERINVOICE.pdf,CUMB QTE.pdf,NULL,26-27 CPKG Policy.pdf,25-26 GLIA ENDT- perfluoroalkyl and polyfluoroalkyl substances exclusion.pdf,25-26 CPKG Policy.pdf,26-27 CUMB APP.pdf
22,NULL,NULL,26-27 CPKG Binder.pdf,26-27 GLIA Signed Quote.pdf,NULL,26-27 BOP Policy.pdf,080125-26 BAUT Endoresement- 2022 CADILLAC ESCALADE with Loss Payee was added.pdf,25-26 CUMB Policy.pdf,26-27 CPKG acord SIGNED.pdf
23,NULL,NULL,26-27 GLIA Binder.pdf,26-27 CPKG Signed Quote-5 Locs.pdf,NULL,26-27 CPKG Policy.pdf,25-26 GLIA Endt - Amend Mailing.pdf,25-26 GLIA Policy.pdf,26-27 GLIA Signed Acord Apps.pdf
24,NULL,NULL,26-27 GLIA Binder.pdf,26-27 CPKG Signed Quote - 8 locations.pdf,NULL,26-27 CPKG Policy.pdf,25-26 GLIA Endt - Amending sales per audit.pdf,25-26 FIRE Policy- 104 Opta St.pdf,26-27 CPKG Signed Acord - 5 Locations.pdf
25,NULL,NULL,26-27 GLIA Binder.pdf,26-27 CPKG LRO ren qte revised.pdf,NULL,26-27 PROP Policy.pdf,25-26 WCOM Endt - Change in Renumeration.pdf,25-26 CPKG Policy Hartford.pdf,26-27 PROF Signed App.pdf
26,NULL,NULL,26-27 GLIA Binder.pdf,26-27 CPKG Signed Qte.pdf,NULL,26-27 CPKG Policy.pdf,25-26 CPKG Endt - Add Bldg.pdf,25-26 BOP Policy.pdf,26-27 CPKG Signed Acord - 8 locations.pdf
27,NULL,NULL,26-27 POLL Binder.pdf,26-27 GLIA Signed Quote.pdf,NULL,26-27 GLIA Policy.pdf,25-26 CPKG ENDT - Reduce Cabin 9 limits per appraisal.pdf,25-26 WRAP Policy.pdf,26-27 CPKG App LRO - signed.pdf
28,NULL,NULL,26-27 GLIA Binder.pdf,26-27 GLIA signed proposal & TRIA.pdf,NULL,26-27 CUMB Policy.pdf,25-26 CPKG Endorsement effective 02102025.pdf,25-26 WCOM Policy.pdf,26-27 GL Signed App.pdf
29,NULL,NULL,26-27 PROP Binder.pdf,26-27 CPKG Signed Quote.pdf,NULL,26-27 CPKG Policy.pdf,25-26 CPKG ENDT Eff 1152025 amend mailing address 5420 Corporate Blvd   Ste.pdf,25-26 CPKG Policy.pdf,26-27 PROP App - signed.pdf
30,NULL,NULL,26-27 CPKG Binder.pdf,26-27 PROP Quote.pdf,NULL,26-27 BOP Policy.pdf,24-25 WCOM  Add Print Shop Employees- entity locations.pdf,25-26 FIRE Policy.pdf,26-27 GLIA signed acord app.pdf
31,NULL,NULL,26-27 MARI Binder.pdf,26-27 GLIA Binder.pdf,NULL,26-27 WCOM POLICY.pdf,24-25 WCOM Add Print Shop Employees- amending payroll.pdf,25-26 CPKG Policy.pdf,26-27 PROP Signed App.pdf
32,NULL,NULL,26-27 BOIL Binder.pdf,26-27 PROP Quote.pdf,NULL,26-27 CFLD Policy.pdf,24-25 WCOM Add Print Shop Employees- revised billing.pdf,25-26 WCOM Policy.pdf,26-27 WC Signed App.pdf
33,NULL,NULL,26-27 CPKG Binder.pdf,26-27 BOP & WCOM Crawfish Hole Amtrust Quote.pdf,NULL,26-27 PROF Policy.pdf,25-26 CPKG ENDT - Add Gulf Coast Bank as AI Mrtg & LLP.pdf,25-26 CPKG Policy.pdf,26-27 CPKG Signed App.pdf
34,NULL,NULL,26-27 GLIA Binder.pdf,26-27 PROP Quote-Burns & Wilcox $8249.pdf,NULL,26-27 GLIA Policy.pdf,25-26 BOP ENDT - Change Mailing address.pdf,25-26 EQFL Policy.pdf,26-27 GLIA Signed Acord.pdf
35,NULL,NULL,Attachment.pdf,26-27 PROP Quote-Burns & Wilcox $8249.pdf,NULL,Excess Liability AN1373968.pdf,25-26 BOP ENDT - Add mortgagee.pdf,25-26 WCOM Policy.pdf,26-27 GLIA signed app.pdf
36,NULL,NULL,26-27 CPKG Binder.pdf,26-27 PROP Quote-Burns & Wilcox $8249.pdf,NULL,Policy.pdf,25-26 BOP ENDT amending la citizens rate.pdf,25-26 PROP Policy.pdf,26-27 CPKG Signed Accord.pdf
37,NULL,NULL,26-27 XLIA Binder.pdf,26-27 PROP Quote-Burns & Wilcox $8249.pdf,NULL,26-27 GLIA Policy.pdf,25-26 EQFL Endt - update mailing address.pdf,25-26 GLIA Policy.pdf,26-27 PROP Signed Accord.pdf
38,NULL,NULL,26-27 GLIA Binder.pdf,26-27 GLIA (MEL) signed appstri.pdf,NULL,26-27 BAUT Policy.pdf,11225 BOP Endt-Audit Change.pdf,25-26 CPKG Policy-UFG.pdf,26-27 GL Signed App.pdf
39,NULL,NULL,25-26 XLIA Binder.pdf,26-27 CPKG Revised UFG Quote adding contents on buildings.pdf,NULL,26-27 GLIA Policy.pdf,31825 CPKG Endt- Added Loc C-4-B-2 (Vacant land).pdf,25-26 GLIA Policy.pdf,26-27 PROP Signed App.pdf
40,NULL,NULL,26-27 GLIA Binder.pdf,26-27 GLIA Signed Renewal Quote.pdf,NULL,26-27 CPKG Policy.pdf,1325 CPKG Endt- Added Loc #2- 7600 Hwy 44 to renewal.pdf,25-26 WC Policy - Precise Pay.pdf,26-27 CPKG Signed Acord Apps.pdf
41,NULL,NULL,26-27 GLIA Binder.pdf,22726-27 BRSK signed Qte.pdf,NULL,26-27 WCOM Policy.pdf,25-26 WCOM Endt -  EXCL Owner Chad Goutierrez.pdf,25-26 CWIN Policy.pdf,26-27 WCOM ACCORD Application.pdf
42,NULL,NULL,26-27 GLIA (AMWINS) Binder.pdf,26-27 DOLI Quote.pdf,NULL,26-27 CPKG Policy.pdf,25-26 WCOM Endt excluding Lisa C Brignac.pdf,25-26 BAUT Policy.pdf,26-27 PROP SIGNED Application.pdf
43,NULL,NULL,Nationwide ES General Liability Binder.pdf,IR110001 (2).pdf,NULL,26-27 BOP Policy.pdf,25-26 WCOM Endorsement amending payroll.pdf,25-26 CWIN Policy.pdf,26-27 PROP SIGNED Application.pdf
44,NULL,NULL,26-27 PROP Binder.pdf,26-27 CPKG Signed Quote.pdf,NULL,26-27 WCOM Policy New Business.pdf,25-26 Endorsement replacing Mortgagee.pdf,25-26 GLIA Policy.pdf,26-27 PROP SIGNED Application.pdf
45,NULL,NULL,26-27 DOLI Binder.pdf,26-27 CPKG Signed Quote.pdf,NULL,Policy.pdf,1125 WCOM Endt- Added 3365.pdf,25-26 CYBR Policy.pdf,26-27 PROP SIGNED Application.pdf
46,NULL,NULL,26-27 XLIA Binder.pdf,112172455_REVISED MAXUM GL QUOTE.pdf,NULL,26-27 CPKG Policy.pdf,122325 WCOM EMR LTR.pdf,25- 26 EQFL Policy.pdf,26-27 GLIA Signed Application-UFG.pdf
47,NULL,NULL,26-27 GLIA  Binder -St.pdf,26-27 PROP Quote-Burns & Wilcox $8249.pdf,NULL,26-27 GLIA Policy.pdf,25-26 WCOM Endorsement - Change in premium.pdf,25-26 CWIN Policy.pdf,26-27 GLIA Signed App.pdf
48,NULL,NULL,26-27 GLIA (CRC) Binder.pdf,26-27 CPKG signed quote.pdf,NULL,26-27 CPKG Policy - 5 Locations.pdf,NULL,25-26 CPKG Policy.pdf,26-27 CPKG Signed App.pdf
49,NULL,NULL,26-27 CPKG Binder.pdf,26-27 GL Signed Quote.pdf,NULL,26-27 PROF Policy.pdf,NULL,25-26 CPKG Policy.pdf,26-27 GLIA Signed App.pdf
50,NULL,NULL,26-27 CPKG Binder.pdf,111898768_WESTCHESTER PROPERTY QUOTE.pdf,NULL,26-27 CPKG Policy - 8 Locations.pdf,NULL,25-26 CWIN policy.pdf,26-27 GLIA  Signed ACCORD Application.pdf
51,NULL,NULL,26-27 GLIA Binder.pdf,112137765_Amwins Scottsdale Enviro PKG Quote $13200 1.pdf,NULL,26-27 CPKG SF LRO Policy.pdf,NULL,25-26 BOP Policy.pdf,26-27 GLIA Signed Acord Apps.pdf
52,NULL,NULL,26-27 WCOM Binder.pdf,26-27 PROP CLIC Quote (Revised-Reduced Premium).pdf,NULL,26-27 GLIA Policy.pdf,NULL,25-26 CPKG Policy.pdf,22726-27 BRSK signed App.pdf
53,NULL,NULL,26-27 GLIA Binder.pdf,26-27 GLIA quote - Customer copy.pdf,NULL,26-27 PROP Policy.pdf,NULL,25-26 WCOM Policy.pdf,26-27 DOLI Signed App.pdf
54,NULL,NULL,26-27 CPKG Binder.pdf,26-26 GLIA Signed QuoteTRIA.pdf,NULL,26-27GLIA Policy.pdf,NULL,25-26 CPKG MGL Only Policy.pdf,26-27 POLL Signed App.pdf
55,NULL,NULL,26-27 CUMB Binder.pdf,26-27 IM REN QTE - SIGNED.pdf,NULL,26-27 PROP Policy.pdf,NULL,25-26 CPKG Policy.pdf,26-27 GLIA Review Application.pdf
56,NULL,NULL,26-27 CUMB Binder.pdf,26-27 GLIA Signed Quote.pdf,NULL,26-27 WC Policy.pdf,NULL,25-26 BOP Policy - Bankers.pdf,26-27 CPKG Signed App.pdf
57,NULL,NULL,26-27 GLIA Binder.pdf,26-27 BOPWCOMCYBER Amtrust Quote.pdf,NULL,26-27 CPKG Policy 403 Church.pdf,NULL,25-26 CUMB Policy.pdf,26-27 CPKG Signed Accord app.pdf
58,NULL,NULL,26-27 CPKG Revised Binder- Adding AI.pdf,POLL QTE.pdf,NULL,26-27 WCOM Policy.pdf,NULL,25-26 BOP Policy.pdf,GLIA  HNOA APP.pdf
59,NULL,NULL,26-27 CPKG Binder.pdf,26-27 PROP BOUND Quote.pdf,NULL,26-27 GLIA Policy.pdf,NULL,25-26 EPL Policy.pdf,26-27 GLIA Signed App.pdf
60,NULL,NULL,26-27 CUMB Binder.pdf,26-27 DOLI Signed Qte.pdf,NULL,26-27 GLIA Policy.pdf,NULL,24-25 CPKG Policy.pdf,26-27 PROP SIGNED Application.pdf
61,NULL,NULL,25-26 CPKG Binder.pdf,26-26 GLIA Revised Progressive Quote- Removing Payroll.pdf,NULL,26-27 CPKG Policy.pdf,NULL,25-26 WCOM Policy.pdf,26-27 GLIA Signed App.pdf
62,NULL,NULL,IR_26-27_BINDER110001.pdf,REV GRID QTE - CL.pdf,NULL,26-27 PROP Policy.pdf,NULL,25-26 PROP Policy.pdf,26-27 CPKG signed acord app.pdf
63,NULL,NULL,26-27 CUMB Binder.pdf,26-27 CYBR quote.pdf,NULL,26-27GLIA Policy.pdf,NULL,25-26 WCOM Policy.pdf,26-27 GL Signed App.pdf
64,NULL,NULL,IR_26-27_BINDER110001.pdf,111898851_SIC GL QUOTE (2).pdf,NULL,26-27 PROP Policy.pdf,NULL,25-26 DOLI Policy.pdf,GLIA Application.pdf
65,NULL,NULL,26-27 PROP Binder.pdf,26-27 GLIAGACCDOLIPROPWCOM signed revised Proposal docx.pdf,NULL,26-27 BOP Policy.pdf,NULL,25-26 BOP Policy.pdf,26-27 PROP CLIC-Signed Application.pdf
66,NULL,NULL,26-27 CPKG BINDER.pdf,26-27 GLIA signed proposal TRIA.pdf,NULL,26-27 CPKG POLICY.pdf,NULL,25-26 CUMB Policy.pdf,26-27 PROP signed Application.pdf
67,NULL,NULL,26-27 CPKG Binder.pdf,26-27 GLIA signed proposal & TRIA.pdf,NULL,26-27 WCOM Policy.pdf,NULL,25-26 GLIA Policy.pdf,26-27 CPKG Signed App.pdf
68,NULL,NULL,Nationwide ES Specialty Property Binder.pdf,26-27 GLIA signed proposal & TRIA.pdf,NULL,26-27 BOP Policy.pdf,NULL,25-26 BOP Policy - SageSure.pdf,26-27 MARI Signed App.pdf
69,NULL,NULL,26-27 GLIA Binder.pdf,26-27 GLIA signed quote.pdf,NULL,26-27 CPKG Policy.pdf,NULL,25-26 FIRE Policy - 614 2nd St.pdf,26-27 BOIL Signed app.pdf
70,NULL,NULL,26-27 DOLI Binder.pdf,Quote.pdf,NULL,26-27 PROP Policy.pdf,NULL,25-26 CPKG Policy.pdf,26-26 GLIA Signed Accord.pdf
71,NULL,NULL,26-27 PROP Binder.pdf,26-27 CPKG signed proposal & no loss letter.pdf,NULL,26-27 PROP Policy.pdf,NULL,25-26 WC Policy.pdf,2026 EQFL Application.pdf
72,NULL,NULL,26-27 GLIA Binder.pdf,26-27 CPKG Quote - CRC - Revised.pdf,NULL,26-27 GLIA Policy.pdf,NULL,25-26 GLIA Policy.pdf,26-27 GLIA Signed Accord.pdf
73,NULL,NULL,26-27 CPKG Binder.pdf,26-27 GLIA Signed Quote.pdf,NULL,26-27 PROP Policy.pdf,NULL,25-26 WCOM Policy.pdf,26-27 CPKG Signed Accord App.pdf
74,NULL,NULL,26-27 GLIA Carrier Binder.pdf,PROP QTE Contents @ 2 Locations - LA Citizens.pdf,NULL,26-27 GLIA Policy.pdf,NULL,25-26 GLIA Policy.pdf,26-277 GLIA Signed app.pdf
75,NULL,NULL,26-27 CUMB Binder.pdf,26-27 WCOM Signed Quote.pdf,NULL,26-27 PROP Policy.pdf,NULL,25-26 WCOM Policy.pdf,26-27 GLIA App.pdf
76,NULL,NULL,26-27 LIQL Binder.pdf,25-26 BOPCUMB Quote - UFG.pdf,NULL,26-27 GLIA Policy.pdf,NULL,25-26 GLIA Policy.pdf,26-27 CPKG Signed App.pdf
77,NULL,NULL,26-27 XLIA Binder & Invoice.pdf,26-27 GLIA signed quote.pdf,NULL,26-27 CUMB Policy.pdf,NULL,25-26 CPKG Policy.pdf,26-27 PROP App - Signed.pdf
78,NULL,NULL,2162026-030126 GLIA Binder.pdf,26-27 PROP Signed Qte 131 Dunreath.pdf,NULL,26-27 BOP Policy.pdf,NULL,25-26 BAUTO Policy.pdf,26-27 XLIA Signed App.pdf
79,NULL,NULL,26-27 GLIA Binder.pdf,26-27 GLIA Signed Qte.pdf,NULL,26-27 CPKG Policy.pdf,NULL,24-25 WCOM revised policy.pdf,26-27 GLIA Signed App.pdf
80,NULL,NULL,25-26 CUMB Binder.pdf,25-26 CPKG Signed Quote.pdf,NULL,26-27 CUMB Policy.pdf,NULL,25-26 GLIA policy.pdf,25-26 CUMB Signed App.pdf
81,NULL,NULL,26-27 PROP Binder.pdf,111760363_GENSTAR PROPERTY QUOTE.pdf,NULL,26-27 GLIA Policy.pdf,NULL,25-26 BOP Policy.pdf,26-27 DOLI Signed App.pdf
82,NULL,NULL,26-27 CPKG Binder.pdf,_2024 F350 SLC Geico Auto Qte - 12 Months.pdf,NULL,26-27 CPKG Policy.pdf,NULL,25-26 CPKG Policy.pdf,26-27 GLIA Signed App.pdf
83,NULL,NULL,Attachment (2).pdf,26-27 CPKG signed proposal & TRIA.pdf,NULL,26-27 GLIA Policy.pdf,NULL,25-26 CPKG Policy.pdf,IM APP TRIA.pdf
84,NULL,NULL,26-27 GLIA Binder.pdf,26-27 SIGNED WCOM REN QTE LUBA.pdf,NULL,26-27 FIRE Policy - 104 Opta St.pdf,NULL,25-26 CPKG Policy.pdf,26-27 GLIA Signed Acord Apps.pdf
85,NULL,NULL,26-27 MARI Binder.pdf,26-27 PROP quote - Clic revised.pdf,NULL,26-27 CPKG Policy.pdf,NULL,25-26 CPKG Policy.pdf,26-27 GLIA signed accord app.pdf
86,NULL,NULL,26-27 PROP Binder.pdf,25-26 QTE- PROP Wind Only - Thibodaux.pdf,NULL,26-27 BOP Policy.pdf,NULL,25-26 CPKG Policy.pdf,26-27 GLIA Signed App.pdf
87,NULL,NULL,26-27 GLIA Binder.pdf,26-27 WCOM REN QTE.pdf,NULL,26-27 WRAP Policy.pdf,NULL,25-26 CPKG Policy.pdf,GLIA APP.pdf
88,NULL,NULL,26-27 CPKG Binder.pdf,IR110001 (2).pdf,NULL,26-27 WCOM Policy.pdf,NULL,24-25 BAUTO-GLIA-PROP-EQFL-CYBR Policy.pdf,26-27 PROP Signed Acord.pdf
89,NULL,NULL,26-27 CPKG Binder.pdf,26-27 CPKG signed proposal & TRIA.pdf,NULL,26-27 GLIA Policy.pdf,NULL,25-26 CWIN dec pg-DWG-1.pdf,26-27 PROP Signed App.pdf
90,NULL,NULL,26-27 GLIA Binder.pdf,26-27 PROP signed proposal.pdf,NULL,26-27 GLIA Policy.pdf,NULL,24-25 BAUTO-GLIA-PROP-EQFL-CYBR Policy.pdf,26-27 GLIA signed app.pdf
91,NULL,NULL,26-27 FIRE Binder.pdf,CUMB QTE.pdf,NULL,26-27 GLIA Policy.pdf,NULL,24-25 BAUTO-GLIA-PROP-EQFL-CYBR Policy.pdf,26-27 GLIA signed app.pdf
92,NULL,NULL,26-27 BAUT BinderInvoice.pdf,PROP QTE.pdf,NULL,26-27 BRSK Policy- 207 Milton.pdf,NULL,24-25 BAUTO-GLIA-PROP-EQFL-CYBR Policy.pdf,26-27 GLIA signed app.pdf
93,NULL,NULL,26-27 CPKG Binder.pdf,26-27 PROP Signed QTE.pdf,NULL,26-27 DOLI Policy.pdf,NULL,24-25 BAUTO-GLIA-PROP-EQFL-CYBR Policy.pdf,26-27 GLIA signed acord app.pdf
94,NULL,NULL,25-26 GLIA Binder.pdf,25-26 BOPCUMB Quote - UFG.pdf,NULL,26-27 POLL Policy.pdf,NULL,24-25 BAUTO-GLIA-PROP-EQFL-CYBR Policy.pdf,26-27 DOLI signed acord app.pdf
95,NULL,NULL,26-27 PROP Binder.pdf,REVISED SIC PROPERTY QUOTE.pdf,NULL,IR_26-27_POLICY110001.pdf,NULL,25-26 GARD Policy.pdf,26-27 XLIA (Lloyds) Signed Acord Apps.pdf
96,NULL,NULL,26-27 XLIA (Palomar) Binder.pdf,IR110001 Q.pdf,NULL,26-27 CPKG Policy.pdf,NULL,25-26 CPKG Policy.pdf,26-27 GLIA signed Acord -St Germaine Holdings.pdf
97,NULL,NULL,26-27 GLIA Binder.pdf,26-27 PROP Signed Quote.pdf,NULL,26-27 CPKG Policy.pdf,NULL,25-26 BAUT Policy.pdf,26-27 GLIA Signed App.pdf
98,NULL,NULL,26-27 GLIA Binder.pdf,26-27 CPKG signed proposal.pdf,NULL,Non-Admitted - Navigators Policy - BDG-3140907-01 - Stamped.pdf,NULL,25-26 CUMB Policy.pdf,26-27 GLIA (CRC) Signed App.pdf
99,NULL,NULL,25-26 GLIA Binder.pdf,26-27 GLIA signed proposal & TRIA.pdf,NULL,26-27 GLIA Policy.pdf,NULL,25-26 GLIA Policy.pdf,26-27 CPKG signed app.pdf
100,NULL,NULL,26-27 CPKG Binder.pdf,26-27 DOLI SIGNED Quote.pdf,NULL,26-27 PROP Policy.pdf,NULL,25-26 GL Policy.pdf,26-27 CPKG Signed Accord.pdf
101,NULL,NULL,26-27 WCOM Binder.pdf,26-27 XLIA BOUND Renewal Quote.pdf,NULL,26-27 CPKG Policy.pdf,NULL,72225-12226 BAUT Policy-GEICO.pdf,26-27 GLIA Signed App.pdf
102,NULL,NULL,26-27 CPKG Binder.pdf,26-27 GLIA 2 signed proposal & TRIA.pdf,NULL,26-27 GLIA Policy.pdf,NULL,25-26 BAUT Policy.pdf,26-27 GLIA Signed App.pdf
103,NULL,NULL,26-27 GLIA Binder.pdf,26-27 GLIA Signed Qte.pdf,NULL,26-27 FIRE Policy.pdf,NULL,25-26 MH Policy.pdf,26-27 Signed PROP Application Chez Hope.pdf
104,NULL,NULL,26-27 PROP Binder.pdf,21826-27 GLIA Signed Qte.pdf,NULL,26-27 CPKG Policy.pdf,NULL,25-26 BOP Policy.pdf,26-27 EQFL signed app.pdf
105,NULL,NULL,26-27 GLIA (LRO) Binder.pdf,26-27 PROP XWind Quote.pdf,NULL,26-27 CPKG Policy.pdf,NULL,25-26 BAUT Policy.pdf,25-26 BOPCUMB Signed Application.pdf
106,NULL,NULL,26-27 GLIA BinderInvoice.pdf,RN QTE (2).pdf,NULL,26-27 WCOM Policy.pdf,NULL,25-26 WCOM Policy.pdf,26-27 GLIA signed acord app.pdf
107,NULL,NULL,26-27 PROP Binder.pdf,26-27 CYBR - Amtrust SIGNED .pdf,NULL,26-27 GLIA Policy.pdf,NULL,25-26 GL Policy.pdf,26-27 PROP Signed App 131 Dunreath.pdf
108,NULL,NULL,26-27 GLIA Binder.pdf,26-27 CYBR Quote.pdf,NULL,NON - ADMITTED - WESTCHESTER POLICY - FSF18793428 001 - STAMPED 1.pdf,NULL,25-26 WC Policy (Other Agency).pdf,26-27 GLIA Signed App.pdf
109,NULL,NULL,26-27 BAUT BinderInvoice.pdf,26-27 BOPWCOMCYBER Amtrust Quote.pdf,NULL,Environmental Package ENS0012929.pdf,NULL,25-26 BOP Policy SageSure.pdf,26-27 GLIA signed acord app.pdf
110,NULL,NULL,26-27 CPKG Renewal Binder.pdf,26-27 GLIA Signed Quote.pdf,NULL,26-27 PROP Policy.pdf,NULL,25-26 FIRE Policy.pdf,26-27 CPKG Signed App-TRIA-No Loss Stmt.pdf
111,NULL,NULL,26-27 PROP Binder.pdf,26-27 CPKG Signed Quote.pdf,NULL,26-27 PROP Policy.pdf,NULL,25-26 WCOM Policy.pdf,26-27 CUMB CORR App- signed.pdf
112,NULL,NULL,26-27 CPKG Revised Binder- Correcting tax to match invoice.pdf,26-27 CPKG Signed Quote & TRIA.pdf,NULL,26-27 CPKG Policy.pdf,NULL,25-26 CPKG Policy.pdf,26-27 PROP Review Application.pdf
113,NULL,NULL,25-26 PROP Binder-RT Specialty.pdf,26-27 BAUT Signed Quote.pdf,NULL,26-27 Policy.pdf,NULL,25-26 WCOM Policy.pdf,26-27 CPKG signed app.pdf
114,NULL,NULL,26-27 PROP Binder.pdf,26-27 CPKG Signed Quote.pdf,NULL,26-27 GLIA Policy.pdf,NULL,25-26 GLIA Policy.pdf,26-27 CUMB Signed App.pdf
115,NULL,NULL,26-27 CPKG Binder.pdf,26-27 GLIA Quote Client Copy.pdf,NULL,26-27 EQFL Policy.pdf,NULL,25-26 BAUT policy 6 Mnth.pdf,26-27 GLIA Signed Acord.pdf
116,NULL,NULL,26-27 BAUT Binder.pdf,26-27 PROP Quote Client Copy -Signed.pdf,NULL,26-27 WCOM policy - AmTrust.pdf,NULL,25-26 EQFL Policy.pdf,26-27 CPKG Signed Acord.pdf
117,NULL,NULL,26-27 CUMB Binder.pdf,General Star Bound Quote.pdf,NULL,26-27 MARI Policy.pdf,NULL,25-26 WC Policy.pdf,26-27 CPKG signed acord app.pdf
118,NULL,NULL,26-27 GLIA Binder.pdf,26-27 GLIA revised #2 B&W quote.pdf,NULL,26-27 PROP Policy.pdf,NULL,25-26 WCOM Policy.pdf,25-26 PROP App and Supp - 1499 Saint Mary St.pdf
119,NULL,NULL,26-27 GLIA Binder.pdf,26-27 GLIA Quote - Burns & Wilcox - Revised.pdf,NULL,26-27 GLIA Policy.pdf,NULL,24-25 WCOM Policy.pdf,26-27 CUMB Signed App.pdf
120,NULL,NULL,26-27 EQFL Binder.pdf,26-27 CPKG signed quote.pdf,NULL,26-27 BOIL Policy.pdf,NULL,25-26 EQFL Policy.pdf,26-27 WCOM REN APPLICATION.pdf
121,NULL,NULL,25-26 GLIA Binder.pdf,26-27 GLIA signed proposal & TRIA.pdf,NULL,313266-31526 GLIA Policy.pdf,NULL,25-26 CPKG Policy.pdf,CUMB Application TSL.pdf
122,NULL,NULL,26-27 PROP Binder.pdf,Attachment.pdf,NULL,Attachment.pdf,NULL,25-26 CUMB Policy.pdf,26-27 CPKG signed app.pdf
123,NULL,NULL,26-27 EQFL Binder.pdf,26-27 GLIA Signed Qte & TRIA.pdf,NULL,26-27 GLIA Policy.pdf,NULL,08012025 - 02012026 BAUT Revised policy.pdf,26-27 PROP signed app.pdf
124,NULL,NULL,26-217 GLIA Binder.pdf,26-27 GLIA Signed Quote.pdf,NULL,26-27 CPKG Policy.pdf,NULL,25-26 WH Policy.pdf,26-27 PROP signed app.pdf
125,NULL,NULL,26-27 MISC (D&O) Binder.pdf,26-27 WCOM signed proposal.pdf,NULL,26-27 GLIA Policy.pdf,NULL,25-26 CPKG Policy.pdf,26-27 CUMB Signed App.pdf
126,NULL,NULL,25-26 GLIABOAT Binder.pdf,26-27 WCOM Signed Quote.pdf,NULL,26-27 BOP Policy.pdf,NULL,24-25 CPKG policy - LMA.pdf,Umbrella Application.pdf
127,NULL,NULL,26-27 GLIA Binder.pdf,26-27 EQFL Signed Quote.pdf,NULL,Policy.pdf,NULL,26-27 EQFL Policy.pdf,PROP Application.pdf
128,NULL,NULL,26-27 CUMB Binder & Invoice.pdf,26-27 GLIA signed proposal & TRIA.pdf,NULL,26-27 CPKG Policy-UFG.pdf,NULL,25-26 CUMB Policy.pdf,26-27 PROP Signe Accord app.pdf
129,NULL,NULL,26-27 CPKG Binder.pdf,26-27 GLIA 1 signed proposal & TRIA.pdf,NULL,26-27 GLIA Policy.pdf,NULL,25-26 CWIN Policy.pdf,26-27 CPKG signed Accord App.pdf
130,NULL,NULL,26-27 CPKG (Quinn) Binder.pdf,26-27 BOP UFG Quote Proposal bound eff 2326.pdf,NULL,26-27 CPKG Policy.pdf,NULL,25-26 GLIA Policy.pdf,26-27 CPKG Signed app.pdf
131,NULL,NULL,25-26 EQFL Binder.pdf,26-27 BOP (5630 Plank Rd) Amended Quote- Increased BPP on Loc #2 to $200k.pdf,NULL,26-27 PROP Policy.pdf,NULL,25-26 GLIA Policy.pdf,25-26 BOPCUMB Signed Application.pdf
132,NULL,NULL,26-27 BAUT BinderInvoice.pdf,26-27 GLIA Signed Renewal Quote.pdf,NULL,26-27 XLIA Policy.pdf,NULL,25-26 BAUT Policy.pdf,REGAL RENTALS A.pdf
133,NULL,NULL,26-27 CPKG Binder.pdf,2025 PKG Renewal Quote.pdf,NULL,26-27 GLIA Policy.pdf,NULL,25-26 CWIN Policy.pdf,26-27 GLIA Signed App.pdf
134,NULL,NULL,26-27 PROP Binder.pdf,2025 Excess Renewal Quote.pdf,NULL,26-27 WCOM Policy.pdf,NULL,25-26 CYBR Policy.pdf,26-27 DOLI Signed Acord.pdf
135,NULL,NULL,26-27 GLIA Binder.pdf,IR110001 (2).pdf,NULL,25-26 CUMB Policy.pdf,NULL,25-26 BRSK Policy.pdf,26-27 PROP Signed Application.pdf
136,NULL,NULL,26-27 MISC (TNR) BinderInvoice.pdf,26-27 GLIA Signed Quote.pdf,NULL,26-27 CWIN Policy.pdf,NULL,25-26 CPKG Policy.pdf,26-27 GL Signed App.pdf
137,NULL,NULL,26-27 GLIA Binder.pdf,26-27 CUMB Signed Qte.pdf,NULL,26-27 DOLI Policy.pdf,NULL,25-26 CWIN Renewal Policy.pdf,26-27 PROP Signed App.pdf
138,NULL,NULL,26-27 GLIA Binder.pdf,2926-91526 GLIA (Highland) Signed Quote.pdf,NULL,26-27 GLIA Policy.pdf,NULL,25-26 BOP Policy.pdf,26-27 CPKG Signed App.pdf
139,NULL,NULL,26-27 GLIA Binder.pdf,2926-91526 PROP (Highland) Signed Quote.pdf,NULL,26-27 BAUT Policy.pdf,NULL,25-26 GLIA Policy.pdf,26-27 CPKG signed app.pdf
140,NULL,NULL,26-27 CPKG Binder.pdf,26-27 BopBAUT Signed Quote - UFG.pdf,NULL,IR_26-27_POL110001.pdf,NULL,25-26 BOP Policy.pdf,26-27 GLIA signed acord app.pdf
141,NULL,NULL,26-27 DOLI Binder.pdf,26-27 BopBAUT Signed Quote - UFG.pdf,NULL,26-27 GLIA Policy.pdf,NULL,25-26 WCOM Policy.pdf,26-27 CUMB Signed app.pdf
142,NULL,NULL,26-27 PROP Binder.pdf,26-27 GLIA Signed Qte.pdf,NULL,26-27 GLIA Policy.pdf,NULL,25-26 CPKG Policy.pdf,26-27 LIQL Signed App.pdf
143,NULL,NULL,25-26 GLIA Binder.pdf,21026-27 CPKG Signed UFG Quote.pdf,NULL,26-27 CYBR policy.pdf,NULL,25-26 WCOM Policy.pdf,26-27 GLIA signed app.pdf
144,NULL,NULL,25-26 CPKG Binder.pdf,26-27 CPKG signed proposal & TRIA.pdf,NULL,26-27 GLIA (Amwins) Policy.pdf,NULL,25-26 GL Policy.pdf,26-27 DOLI Review Application.pdf
145,NULL,NULL,25-26 DOLI Binder.pdf,CWIN QTE 2 - 80% of ACV Values Used.pdf,NULL,NON-ADMITTED - NATIONWIDE POLICY - CPS8383108 - STAMPED.pdf,NULL,25-26 BOP Policy.pdf,26-27 XLIA Signed Acord Apps.pdf
146,NULL,NULL,26-27 PROP Binder - 500 & 505 Northeast Court.pdf,26-27 PROP signed proposal & TRIA.pdf,NULL,26-27 PROP (WH) Policy.pdf,NULL,25-26 CWIN Policy.pdf,26-27 GLIA 2 signed app.pdf
147,NULL,NULL,26-27 GLIA Binder.pdf,26-27 GLIA Signed Quote.pdf,NULL,26-27 GLIA Policy.pdf,NULL,25-26 CWIN policy.pdf,2026 GLIA App- signed.pdf
148,NULL,NULL,26-27 CUMB Binder.pdf,26-27 CPKG Signed revised quote deleting 2 locations.pdf,NULL,26-27 PROP Policy.pdf,NULL,25-26 BOP Pol.pdf,26-27 GLIA Signed Acord.pdf
149,NULL,NULL,26-27 GLIA Binder.pdf,26-27 GLIA signed Crum and Forster Renewal Quote.pdf,NULL,26-27 PROP Policy.pdf,NULL,25-26 WCOM POLICY wHUB other agent.pdf,26-27 GLIA Signed App.pdf
150,NULL,NULL,26-27 GLIA Binder AmWins.pdf,26-27 PROP Signed Atain Specialty Renewal Quote.pdf,NULL,26-27 GLIA Policy.pdf,NULL,25-26 XLIA REN AUX0000082176.pdf,25-26 CUMB App - signed.pdf
151,NULL,NULL,25-26 GLIA Binder.pdf,Attachment.pdf,NULL,26-27 GLIA Policy.pdf,NULL,25-26 GLIA REN Policy AFR0000075657.pdf,21826-27 GLIA Signed App.pdf
152,NULL,NULL,26-27 BAUT - Binder Invoice.pdf,26-27 PROP Quote.pdf,NULL,26-27 GLIA Policy.pdf,NULL,25-26 CWIN Policy Citizens.pdf,26-27 PROP Signed Accord.pdf
153,NULL,NULL,26-27 GLIA Binder.pdf,111271356_WESTCHESTER PKG QUOTE.pdf,NULL,26-27 GLIA Policy.pdf,NULL,25-26 CWIN revised policy.pdf,26-27 Prop Xwind App - Signed.pdf
154,NULL,NULL,25-26 CUMB Binder.pdf,26-27 CPKG BOUND Quote.pdf,NULL,26-27 DOLI Policy.pdf,NULL,25-26 CWIN Policy.pdf,26-27 CPKG Signed Accord.pdf
155,NULL,NULL,26-27 CUMB binder.pdf,26-27 PROP BOUND Quote - 1029 Capital.pdf,NULL,26-27 XLIA Policy.pdf,NULL,25-26 WCOM Rolicy.pdf,26-27 GLIA Review Application.pdf
156,NULL,NULL,26-27 GLIA binder.pdf,26-27 CPKG & CUMB Quote.pdf,NULL,26-27 GLIA Policy - St Germaine Holdings.pdf,NULL,25-26 CFLD Policy.pdf,26-27 MARI Signed App.pdf
157,NULL,NULL,26-27 PROP Binder.pdf,26-27 CPKG & CUMB Quote.pdf,NULL,26-27 CYBR Policy.pdf,NULL,25-26 BOP Policy.pdf,26-27 PROP Signed App.pdf
158,NULL,NULL,26-27 GLIA Binder.pdf,26-27 MISC (D&O) Signed Quote.pdf,NULL,26-27 GLIA Policy.pdf,NULL,25-26 CPKG Policy.pdf,26-27 GLIA Signed Accord.pdf
159,NULL,NULL,26-27 CPKG Binder.pdf,26-27 EQFL Corr Q.pdf,NULL,26-27 GLIA (CRC) Policy.pdf,NULL,25-26 WCOM Policy.pdf,26-27 CPKG Signed Accord.pdf
160,NULL,NULL,26-27 GLIA Binder.pdf,25-26 GLIABOAT Initialed BOUND Quote wTravelers.pdf,NULL,26-27 CPKG Policy.pdf,NULL,25-26 CUMB Policy.pdf,26-27 CPKG Signed Accord.pdf
161,NULL,NULL,26-27 CUMB Binder.pdf,26-27 GLIA Signed Quote.pdf,NULL,26-27 CPKG Policy.pdf,NULL,25-26 BAUT Policy.pdf,26-27 GLIA Signed App.pdf
162,NULL,NULL,25-26 CPKG Binder.pdf,26-27 CYBR Quote.pdf,NULL,26-27 CPKG Policy.pdf,NULL,25-26 GLIA Policy.pdf,26-27 FIRE Signed App & Supplement.pdf
163,NULL,NULL,25-26 CPKG (Meat Processing)  BINDER.pdf,13126-27 PROP Signed Qte.pdf,NULL,26-27 GLIA Policy.pdf,NULL,25-26 WCOM Policy.pdf,26-27 BAUT Signed Accord.pdf
164,NULL,NULL,26-27 CUMB Binder.pdf,26-27 DOLI Signed Quote.pdf,NULL,26-27 GLIA Policy.pdf,NULL,25-26 BOIL Policy.pdf,26-27 CPKG Signed Accord.pdf
165,NULL,NULL,26-27 MISC (E&O) Binder.pdf,26-27 WIND LA Citizens quote.pdf,NULL,26-27 NEW Chez Hope PROP Policy.pdf,NULL,25-26 CPKG Policy.pdf,26-27 GLIA Signed Acord.pdf
166,NULL,NULL,26-27 PROF Binder.pdf,26-27 BOP Quote-RT Specialty.pdf,NULL,26-27 EQFL Policy.pdf,NULL,25-26 BOP Policy - 401 E Verot.pdf,26-27 BAUT Signed Application.pdf
167,NULL,NULL,26-27 GLIA Binder.pdf,26-27 CPKG signed quote.pdf,NULL,26-27 CWIN Policy.pdf,NULL,25-26 BOP Policy.pdf,25-26 PROP Review Application.pdf
168,NULL,NULL,25-26 CPKG X-WH Binder.pdf,26-27 GLIA Quote.pdf,NULL,26-27 CPKG Policy.pdf,NULL,25-26 CPKG Policy.pdf,26-27 GLIA Review Application.pdf
169,NULL,NULL,26-27 CPKG Binder.pdf,26-27 MISC (TNR) Signed Quote.pdf,NULL,26-27 CPKG Policy.pdf,NULL,25-26 CPKG Policy.pdf,26-27 GLIA Signed App.pdf
170,NULL,NULL,26-27 GARD Policy Binder.pdf,26-27 GLIA Quote.pdf,NULL,26-27 WCOM Policy.pdf,NULL,25-26 CPKG Policy.pdf,26-27 CPKG signed acord app.pdf
171,NULL,NULL,25-26 GLIA Binder (RENO).pdf,26-27 CPKG (GLIA Only) Quote - Hartford.pdf,NULL,25-26 CUMB Policy.pdf,NULL,25-26 BOP Renewal Policy.pdf,26-27 XLIA Signed Acord Apps.pdf
172,NULL,NULL,26-27 GLIA Binder.pdf,26-27 GLIA REW signed proposal.pdf,NULL,26-27 GLIA Policy.pdf,NULL,25-26 GLIA Policy.pdf,26-27 GLIA signed app.pdf
173,NULL,NULL,26-27 CPKG Binder.pdf,26-27 PROP Signed Qte.pdf,NULL,26-27 PROP Policy.pdf,NULL,25-26 WCOM Policy.pdf,26-27 GLIA Signed Acord Apps.pdf
174,NULL,NULL,26-27 DOLI Binder.pdf,QTB.pdf,NULL,26-27 CPKG Policy.pdf,NULL,25-26 WCOM Policy.pdf,26-27 GLIA (PR) signed app.pdf
175,NULL,NULL,26-27 GLIA Binder.pdf,26-27 GLIA Quote Signed.pdf,NULL,26-27 CPKG Policy.pdf,NULL,24-25 WCOM Policy.pdf,26-27 GLIA Signed App.pdf
176,NULL,NULL,26-27 CPKG Binder.pdf,26-27 GL Signed Quote.pdf,NULL,26-27 PROP Policy 131 Dunreath.pdf,NULL,25-26 GLIA Policy.pdf,26-27 GLIA  Sigend Accord.pdf
177,NULL,NULL,26-27 DOLI Binder.pdf,Attachment.pdf,NULL,26-27 GLIA Policy.pdf,NULL,25-26 WCOM Policy.pdf,25-26 GLIA Signed App.pdf
178,NULL,NULL,25-26 PROP Binder.pdf,26-27 CPKG Quote - Insured Copy.pdf,NULL,26-27 GLIA Policy.pdf,NULL,25-26 BOP Policy.pdf,26-27 PROP Signed App.pdf
179,NULL,NULL,25-26 LIQL Binder.pdf,26-27 PROP signed quote.pdf,NULL,26-27 GLIA-PROF Policy.pdf,NULL,25-26 CPKG policy.pdf,26-27 WCOM signed app.pdf
180,NULL,NULL,25-26 CUMB Binder.pdf,IR110001 (2).pdf,NULL,26-27 WCOM Policy.pdf,NULL,25-26 D&O Policy.pdf,26-27 WCOM Signed App.pdf
181,NULL,NULL,26-27 CPKG BinderInvoice.pdf,26-27 CRIM Quote Travelers.pdf,NULL,26-27 CPKG Policy.pdf,NULL,25-26 CWIN Policy.pdf,26-27 CPKG Signed Acord App.pdf
182,NULL,NULL,26-27 GLIA Binder.pdf,26-27 PROP signed quote.pdf,NULL,26-27 CPKG Policy.pdf,NULL,25-26 WCOM Policy.pdf,26-27 GLIA signed acord app.pdf
183,NULL,NULL,25-26 CPKG Binder.pdf,Quote.pdf,NULL,26-27 CUMB Policy.pdf,NULL,25-26 WCOM Policy.pdf,26-27 PROP signed acord app-amended pol period.pdf
184,NULL,NULL,26-27 CPKG Binder.pdf,26-27 GLIA Quote-AmWins.pdf,NULL,26-27 PROP Policy.pdf,NULL,25-26 PROP Policy Citizens.pdf,26-27 EQFL Signed Accord.pdf
185,NULL,NULL,25-26 CUMB Binder.pdf,26-27 CYBR Qte.pdf,NULL,26-27 BAUT Policy.pdf,NULL,25-26 BOP Policy.pdf,26-27 GLIA (LRO) Signed Accord.pdf
186,NULL,NULL,25-26 PROP Binder.pdf,26-27 CYBR Quote AmTrust.pdf,NULL,26-27 BOP Policy - Bankers.pdf,NULL,25-26 BAUT Policy.pdf,26-27 GLIA Signed Accord.pdf
187,NULL,NULL,26-27 GLIA Binder.pdf,PROPOSAL_LOUISIANACUSTOMAIRBOATSLLC.pdf,NULL,26-27 CPKG Policy.pdf,NULL,25-26 EQFL Policy.pdf,26-27 PROP Signed App.pdf
188,NULL,NULL,25-26 GLIA Binder.pdf,26-27 CYBR Signed Quote.pdf,NULL,26-27 CUMB Policy.pdf,NULL,25-26 WCOM Policy.pdf,26-27 GLIA signed app.pdf
189,NULL,NULL,26-27 CPKG Binder.pdf,PROPOSAL_OFFICEOFDISTRICTATTORNEY16THJUDICIALDISTRICT.pdf,NULL,26-27 BOP Policy.pdf,NULL,25-26 BOP policy.pdf,26-27 GLIA 1 signed app.pdf
190,NULL,NULL,25-26 PROP Binder.pdf,GLIA QTE CORRECTED PREMIUM.pdf,NULL,26-27 CUMB Policy.pdf,NULL,25-26 BAUT Policy.pdf,26-27 BAUT Signed Accord.pdf
191,NULL,NULL,26-27 PROP Binder.pdf,8778458F-6B92-4160-A4A4-8BF256DAB574_160631617.pdf,NULL,26-27 GLIA Policy.pdf,NULL,25-26 CWIN Policy.pdf,26-27 BAUT signed App.pdf
192,NULL,NULL,IR_C1_BINDER110001.pdf,IR110001 (2).pdf,NULL,26-27 EPL Policy.pdf,NULL,25-26 BAUT Policy.pdf,26-27 CUMB Signed app.pdf
193,NULL,NULL,25-26 LIQL Binder & Invoice.pdf,IR110000.pdf,NULL,26-27 WCOM Policy.pdf,NULL,25-26 BAUT Policy.pdf,26-27 GLIA Signed app.pdf
194,NULL,NULL,25-26 LIQL Binder & Invoice.pdf,26-27 DOLI Signed Quote.pdf,NULL,26-27 CPKG Policy.pdf,NULL,25-26 BOP Policy.pdf,26-27 CPKG Renewal App - Signed.pdf
195,NULL,NULL,26-27 GLIA Binder.pdf,26-27 GL Signed Quote.pdf,NULL,26-27 CPKG Policy.pdf,NULL,25-26 BOP Policy.pdf,26-27 GLIA Signed Accord app.pdf
196,NULL,NULL,26-27 GLIA Binder.pdf,26-27 GLIA Signed Quote.pdf,NULL,26-27 PROP Policy.pdf,NULL,25-26 WCOM Policy.pdf,26-27 PROP signed acord app.pdf
197,NULL,NULL,25-26 CPKG Binder.pdf,26-27 WCOM signed proposal & owner exclusion.pdf,NULL,25-26 PROP Policy - Wind - 1499 Saint Mary St.pdf,NULL,25-26 WCOM Policy.pdf,25-26 CPKG App - signed.pdf
198,NULL,NULL,25-26 LIQL Binder.pdf,26-27 WCOM Renewal Quote.pdf,NULL,26-27 CUMB Policy.pdf,NULL,25-26 CPKG Policy.pdf,25-26 CUMB App - signed.pdf
199,NULL,NULL,25-26 CUMB Binder.doc,26-27 BAUT Qte - Progressive.pdf,NULL,26-27 WCOM REN POLICY.pdf,NULL,25-26 PROP Policy.pdf,26-27 CPKG Signed Accord.pdf
200,NULL,NULL,25-26 GLIA Binder.doc,26-27 BOP Signed Bankers Qte - Jam Clark (New Iberia).pdf,NULL,25-26 CPKG Policy.pdf,NULL,25-26 GLIA Policy.pdf,26-27 GLIA Signed App.pdf
201,NULL,NULL,Shallow Waters Second Layer Lead.pdf,26-27 CPKG Quote.pdf,NULL,IR_26-27_POL110001.pdf,NULL,25-26 CWIND Policy.pdf,25-26 BAUT App.pdf
202,NULL,NULL,25-26 CPKG Binder.pdf,26-27 CPKG Signed Quote.pdf,NULL,26-27 CPKG Policy.pdf,NULL,25-26 CFLD Policy.pdf,26-27 GLIA Signed App.pdf
203,NULL,NULL,26-27 GLIA Binder.pdf,26-27 CYBR (CFC) Quote.pdf,NULL,26-27 PROP Policy.pdf,NULL,25-26 WCOM Policy-AmTrust.pdf,25-26 PROP Signed Application.pdf
204,NULL,NULL,26-27 GARD Binder.pdf,26-27 GLIA signed quote.pdf,NULL,26-27 PROP Policy.pdf,NULL,25-26 BOP Policy.pdf,26-27 CUMB Signed App.pdf
205,NULL,NULL,26-27 GLIA Binder.pdf,26-27 GLIA signed quotetria.pdf,NULL,26-27 CUMB Policy.pdf,NULL,24-25 BOP Policy.pdf,2926-91526 GLIA (Highland) Signed Accord.pdf
206,NULL,NULL,25-26 EQFL Binder- Crane Only.pdf,26-27 PROP Signed Qte.pdf,NULL,IR_26-27_POL110001.pdf,NULL,25-26 EQFL Policy.pdf,2926-91526 PROP (Highland) Signed Accord.pdf
207,NULL,NULL,25-26 GLIA Binder.doc,26-27 CUMB Signed Quote.pdf,NULL,4146910.pdf,NULL,25-26 GLIA Policy- Farm.pdf,26-27 PROP Signed Accord.pdf
208,NULL,NULL,25-26 CPKG Binder.pdf,26-27 CPKG Signed Quote.pdf,NULL,26-27 PROP Policy.pdf,NULL,25-26 GLIA policy.pdf,26-27 CPKG Signed App.pdf
209,NULL,NULL,Shallow Waters Second Layer Lead.pdf,26-27 BAUT Signed Quote.pdf,NULL,26-27 CPKG Policy.pdf,NULL,25-26 BOP Policy Lafayette- UFG.pdf,26-27 BAUT Signed Acord Apps.pdf
210,NULL,NULL,26-27 CPKG BinderInvoice.pdf,26-27 GL Signed Quote.pdf,NULL,26-27 CPKG Policy.pdf,NULL,25-26 CPKG Policy.pdf,26-27 BAUT Signed Review Application.pdf
211,NULL,NULL,25-26 CPKG Binder RT Specialty.pdf,26-27 BOP quote-Sagesure.pdf,NULL,25-26 BOP Policy.pdf,NULL,25-26 CFLD Policy.pdf,26-27 BOP Signed Review Application.pdf
212,NULL,NULL,25-26 GLIA Binder.pdf,25-26 GLIA Quote - Burns & Wilcox - Revised.pdf,NULL,Non - Admitted - Nationwide policy - CPS8377854 - Stamped.pdf,NULL,25-26 BOP Policy Insured Copy.pdf,26-27 UMB Signed App.pdf
213,NULL,NULL,25-26 GLIA Binder and InvoiceRT Specialty.pdf,26-27 GLIA Signed Quote.pdf,NULL,26-27 CPKG Policy.pdf,NULL,71225-11226 BAUT Policy.pdf,26-27 GLIA Signed Application.pdf
214,NULL,NULL,25-26 PROP Binder.pdf,26-27 GLIA Signed Quote.pdf,NULL,26-27 GLIA Policy.pdf,NULL,25-26 GLIA Policy.pdf,26-27 CPKG signed app.pdf
215,NULL,NULL,25-26 CPKG -BINDER.pdf,26-27 CPKG Signed Quote.pdf,NULL,26-27 DOLI Policy.pdf,NULL,25-26 CPKG Policy.pdf,CWIN Application.pdf
216,NULL,NULL,25-26 3 month CPKG Binder.pdf,26-27 MISC (EPLI) Signed Quote.pdf,NULL,26-27 WCOM Policy.pdf,NULL,25-26 PROF Policy.pdf,26-27 PROP signed app.pdf
217,NULL,NULL,25-26 WCOM LA Binder.pdf,26-27 GLIA signed quote.pdf,NULL,26-27 PROP Policy.pdf,NULL,25-26 WCOM Policy.pdf,26-27 GLIA Signed App.pdf
218,NULL,NULL,25-26 GARD Binder.pdf,26-27 CPKG signed quotetria.pdf,NULL,26-27 GLIA Policy.pdf,NULL,25-26 CPKG Policy.pdf,26-27 GLIA Signed Acord Apps.pdf
219,NULL,NULL,25-26 CPKG X-Wind & Hail Binder.pdf,Quote_0017524.pdf,NULL,26-27 PROP Policy.pdf,NULL,25-26 WCOM Policy.pdf,26-27 CPKG Signed Revised ACCORD Application.pdf
220,NULL,NULL,25-26 XLIA BINDER.pdf,Quote.pdf,NULL,26-27 CPKG Policy.pdf,NULL,7725-1726 BAUT Policy.pdf,26-27 GLIA Signed Accord Application.pdf
221,NULL,NULL,25-26 PROP Binder.pdf,25-26 PROP Revised Quote.pdf,NULL,26-27 CPKG Policy.pdf,NULL,25-26 BOP Policy.pdf,26-27 PROP signed accord.pdf
222,NULL,NULL,25-26 EQFL Binder.pdf,26-27 GLIA Quote.pdf,NULL,26-27 GLIA Policy.pdf,NULL,25-25 Auto Policy.pdf,26-27 GLIA signed app.pdf
223,NULL,NULL,112026-5312026 CPKG Binder.pdf,Attachment Q.pdf,NULL,26-27 CUMB Policy.pdf,NULL,25-26 WCOM Policy.pdf,26-27 BAUT Signed App.pdf
224,NULL,NULL,26-27 PROF Binder.pdf,25-26 Umbrella Quote RT Specialty.pdf,NULL,26-27 PROP Policy.pdf,NULL,25-26 WCOM Policy.pdf,11226-9126 EQFL Signed App.pdf
225,NULL,NULL,26-27 PROF LIAB BinderInvoice.pdf,26-27 GLIA Qte - Liberty.pdf,NULL,26-27 LIQL Policy.pdf,NULL,25-26 WCOM Policy.pdf,25-26 GLIA signed acord app.pdf
226,NULL,NULL,25-26 CPKG Binder.pdf,26-27 CFLD - QUOTE- Wichita.pdf,NULL,26-27 WCOM Policy.pdf,NULL,25-26 WC Policy.pdf,26-27 PROP Signed App.pdf
227,NULL,NULL,25-26 PROP Binder.pdf,26-27 GLIA Qte - B&W.pdf,NULL,26-27 GLIA Policy.pdf,NULL,25-26 WCOM Policy.pdf,26-27 EQFL signed App.pdf
228,NULL,NULL,25-26 PROP Binder.pdf,74842001 Quote.pdf,NULL,26-27 DOLI Policy.pdf,NULL,25-26 WCOM Policy.pdf,26-27 PROP Signed App.pdf
229,NULL,NULL,26-27 GLIA Binder.pdf,111271357_MklQuote_Txn9119888_20251204214937.pdf,NULL,26-27 BOP Policy.pdf,NULL,25-26 WC Policy.pdf,26-27 CPKG Review Application.pdf
230,NULL,NULL,25-26 BAUT Binder.pdf,Quote (4).pdf,NULL,26-27 XLIA Policy.pdf,NULL,25-26 WCOM Policy.pdf,25-26 CPKG App.pdf
231,NULL,NULL,25-26 CPKG Binder.pdf,26-27 GLIA Quote - Burns & Wilcox - Revised.pdf,NULL,26-27 GLIA policy- 5 locations.pdf,NULL,25-26 GLIA Policy.pdf,26-27 CPKG App - Signed.pdf
232,NULL,NULL,26-27 GLIA BINDER.pdf,26-27 PROP Signed Quote.pdf,NULL,2162026-312026 GLIA Policy.pdf,NULL,25-26 CWIN Policy.pdf,26-27 PROP App Signed - 1029 Capital.pdf
233,NULL,NULL,NULL,26-27 CYBR Signed Quote.pdf,NULL,26-27 CUMB POLICY.pdf,NULL,25-26 CWIN REN POLICY.pdf,26-27  GLIA Signed Application.pdf
234,NULL,NULL,NULL,26-27 GLIA Signed Quote.pdf,NULL,26-27 GLIA Policy.pdf,NULL,25-26 WCOM Policy.pdf,26-27 XS App - signed.pdf
235,NULL,NULL,NULL,26-27 GLIA Signed Qte.pdf,NULL,26-27 BOP Policy.pdf,NULL,25-26 WCOM Policy.pdf,26-27 CPKG App - signed.pdf
236,NULL,NULL,NULL,26-27 PROP Signed Quote.pdf,NULL,26-27 FIRE Policy - 614 2nd St.pdf,NULL,25-26 GLIA Policy.pdf,26-27 GLIA Signed App.pdf
237,NULL,NULL,NULL,IR110001 Quote.pdf,NULL,26-27 CPKG Policy.pdf,NULL,24-25 WC dec for LSBC.pdf,26-27 CUMB Signed Apps.pdf
238,NULL,NULL,NULL,25-26 LIQL (501 E Veterans & 1631 Sampson) Quote CRC Group.pdf,NULL,26-27 GLIA Policy.pdf,NULL,25-26 CPKG Policy.pdf,26-27 CPKG Signed app.pdf
239,NULL,NULL,NULL,25-26 LIQL Quote-CRC GroupFounders $1723.pdf,NULL,26-27 GLIA Policy.pdf,NULL,25-26 WCOM Policy.pdf,26-27 CPKG (Quinn) Signed Accord.pdf
240,NULL,NULL,NULL,25-26 LIQL Quote CRC Group.pdf,NULL,25-26 CUMB Policy.pdf,NULL,25-26 WCOM Policy.pdf,26-27 GLIA Signed App.pdf
241,NULL,NULL,NULL,26-27 GLIA Signed Revised SIC QUOTE.pdf,NULL,26-27 GLIA Policy.pdf,NULL,25-26 WCOM Policy.pdf,25-26 EQFL signed app.pdf
242,NULL,NULL,NULL,26-27 GLIA Signed Quote.pdf,NULL,26-27 PROP Policy.pdf,NULL,25-26 WCOM Policy.pdf,26-27 CYBR signed app.pdf
243,NULL,NULL,NULL,26-27 GLIA BOUND Quote.pdf,NULL,26-27 PROP Policy.pdf,NULL,25-26 CPKG Policy.pdf,13126-27 PROP signed App.pdf
244,NULL,NULL,NULL,25-26 LIQL Quote Burns & Wilcox.pdf,NULL,26-27 CPKG Policy.pdf,NULL,25-26 WCOM Policy.pdf,26-27 BAUT Signed Accord.pdf
245,NULL,NULL,NULL,26-27 XLIA signed quotetria.pdf,NULL,Attachment.pdf,NULL,25-26 BOP Policy.pdf,26-27 DOLI Signed App.pdf
246,NULL,NULL,NULL,26-27 PROP signed quote.pdf,NULL,26-27 WCOM Policy.pdf,NULL,25-26 WCOM Policy.pdf,26-27 CWIN signed app & supp app.pdf
247,NULL,NULL,NULL,26-27 GLIA signed quote.pdf,NULL,26-27 GLIA Policy.pdf,NULL,24-25 PROP Policy-1019 Madeline.pdf,26-27 CPKG Signed Application and Signed Flood Rejection.pdf
248,NULL,NULL,NULL,26-27 BAUT Signed Qte.pdf,NULL,26-27 CYBR POLICY.pdf,NULL,NULL,26-27 PROP revised Signed ACCORD APP.pdf
249,NULL,NULL,NULL,25-26 PROP Signed Quote.pdf,NULL,Attachment.pdf,NULL,NULL,26-27 GLIA signed accord app.pdf
250,NULL,NULL,NULL,25-26 GL Signed Quote.pdf,NULL,26-27 WCOM Policy.pdf,NULL,NULL,26-27 CPKG signed acord app.pdf
251,NULL,NULL,NULL,26-27 CPKG Qte- amWins.pdf,NULL,26-27 GLIA Policy.pdf,NULL,NULL,26-27 GLIA Signed app.pdf
252,NULL,NULL,NULL,25-26 PROP Quote.pdf,NULL,26-27 WCOM Policy.pdf,NULL,NULL,26-27 MISC (TNR) Signed App.pdf
253,NULL,NULL,NULL,26-27 PROF Ren Quote.pdf,NULL,26-27 CYBR Policy.pdf,NULL,NULL,26-27 GLIA app- Southpark.pdf
254,NULL,NULL,NULL,25-26 CPKG signed quote.pdf,NULL,26-27 WCOM Policy.pdf,NULL,NULL,26-27 PROP Signed App.pdf
255,NULL,NULL,NULL,26-27 GLIA Signed QUOTE AND TRIA.pdf,NULL,26-27 MARI Policy.pdf,NULL,NULL,PROP Application.pdf
256,NULL,NULL,NULL,111066250_MARKEL GL RENEWAL.pdf,NULL,26-27 PROP Policy.pdf,NULL,NULL,26-27 GLIA ACORD Application Signed.pdf
257,NULL,NULL,NULL,111172279_NAUTILUS PROP QUOTE.pdf,NULL,26-27 GLIA Policy.pdf,NULL,NULL,26-27 GLIA Signed App.pdf
258,NULL,NULL,NULL,PGU Quote to Agent.pdf,NULL,26-27 CPKG Policy.pdf,NULL,NULL,26-27 GLIA Signed App.pdf
259,NULL,NULL,NULL,CFC Cyber Quote to Agent.pdf,NULL,26-27 CPKG Policy.pdf,NULL,NULL,26-27 EQFL App.pdf
260,NULL,NULL,NULL,26-27 CPKG signed proposal.pdf,NULL,26-27 GLIA Policy.pdf,NULL,NULL,26-27 GLIA signed App.pdf
261,NULL,NULL,NULL,26-27 CPKG Signed Quote.pdf,NULL,26-27 FIRE Policy - 1013B Lagneaux.pdf,NULL,NULL,26-27 CPKG Signed ACCORD APP.pdf
262,NULL,NULL,NULL,25-26 GLIALIQR Quote-RT Specialty (Revised).pdf,NULL,26-27 GLIA Policy.pdf,NULL,NULL,26-27 DOLI Signed App.pdf
263,NULL,NULL,NULL,25-26 GLIA Quote Peachtree.pdf,NULL,26-27 BAUT Policy.pdf,NULL,NULL,26-27 PROP signed acord app.pdf
264,NULL,NULL,NULL,25-26 GLIA Quote RT Specialty-reduced sales-revised quote.pdf,NULL,26-27 CPKG Policy.pdf,NULL,NULL,APPLICATION.pdf
265,NULL,NULL,NULL,25-26 PROP Quote Burns & Wilcox-Lloyds-includes pumpscanopy x wind.pdf,NULL,26-27 CPKG Policy.pdf,NULL,NULL,11726-27 PROP Signed App.pdf
266,NULL,NULL,NULL,Property Coverage Excluding Wind  Hail QTE.pdf,NULL,26-27 GLIA Policy.pdf,NULL,NULL,25-26 GLIA Signed ACCORD.pdf
267,NULL,NULL,NULL,Package quote.pdf,NULL,25-26 CPKG (GLIALIQL) Policy.pdf,NULL,NULL,25-26 CPKG Review Application.pdf
268,NULL,NULL,NULL,25-26 CPKG signed 3 month quote.pdf,NULL,26-27 PROP Policy.pdf,NULL,NULL,26-27 PROP signed acord app.pdf
269,NULL,NULL,NULL,25-26 PROP Signed quote - revised.pdf,NULL,26-27 BAUT Policy.pdf,NULL,NULL,26-27 PROP App 500 & 505 NE Court.pdf
270,NULL,NULL,NULL,26-27 WCOM Renewal Quote - LUBA.pdf,NULL,25-26 WCOM policy.pdf,NULL,NULL,26-27 GLIA  Signed Accord.pdf
271,NULL,NULL,NULL,26-27 CPKG - Wichita - Signed quote - Hartford.pdf,NULL,25-26 PROP Policy.pdf,NULL,NULL,26-27 CUMB Signed App.pdf
272,NULL,NULL,NULL,Signed 25-26 GLIA -Bridgeway - GL Qte.pdf,NULL,26-27 GLIA policy- 5 locations.pdf,NULL,NULL,11726-27 GLIA Signed App.pdf
273,NULL,NULL,NULL,25-26 FIRE Quote - 254 Malapart.pdf,NULL,26-27 GLIA Policy.pdf,NULL,NULL,26-27 PROP Review Application.pdf
274,NULL,NULL,NULL,26-27 BAUT Quote.pdf,NULL,26-27 CPKG Policy.pdf,NULL,NULL,26-27 PROP App 568 NE Court & 200 Frog.pdf
275,NULL,NULL,NULL,26-27 WCOM REN QTE LUBA.pdf,NULL,26-27 XLIA Policy.pdf,NULL,NULL,26-27 CPKG Review Application.pdf
276,NULL,NULL,NULL,26-27 WCOM REN QTE LUBA.pdf,NULL,26-27 GLIA Policy.pdf,NULL,NULL,26-27 WCOM Review Application.pdf
277,NULL,NULL,NULL,26-27 CPKG signed quote & tria.pdf,NULL,26-27 GLIA Policy.pdf,NULL,NULL,26-27 GLIA Review Application.pdf
278,NULL,NULL,NULL,25-26 FIRE Signed Quote - 1013 Lagneaux.pdf,NULL,26-27 GLIA Policy.pdf,NULL,NULL,25-26 GLIA Signed App.pdf
279,NULL,NULL,NULL,26-27 CPKG Signed Quote.pdf,NULL,Policy.pdf,NULL,NULL,26-27 CYBR signed Suppl App.pdf
280,NULL,NULL,NULL,RENEWAL QUOTE.pdf,NULL,26-27 GLIA Policy.pdf,NULL,NULL,26-27 BAUTGARD Signed Docs.pdf
281,NULL,NULL,NULL,26-27 WRAP signed proposal.pdf,NULL,26-27 GLIA Policy.pdf,NULL,NULL,26-27 GLIA Review Application - Signed.pdf
282,NULL,NULL,NULL,26-27 CWIN TWIA REN QTE.pdf,NULL,25-26 GLIA Policy.pdf,NULL,NULL,121525-9326 CUMB Signed app.pdf
283,NULL,NULL,NULL,PROF LIAB QTE-Signatures.pdf,NULL,26-27 CPKG(PROPEQFL) Policy.pdf,NULL,NULL,26-27 CUMB signed Application.pdf
284,NULL,NULL,NULL,26-27 GLIA Revised Qte - CRC.pdf,NULL,26-27 WCOM policy.pdf,NULL,NULL,26-27 GLIA SIGNED Application.pdf
285,NULL,NULL,NULL,25-26 GLProp Quote.pdf,NULL,26-27 BOP Policy.pdf,NULL,NULL,26-27 PROP Signed App.pdf
286,NULL,NULL,NULL,TMHCC Renewal Quote.pdf,NULL,26-27 CPKG Policy.pdf,NULL,NULL,26-27 CYBR Review Application.pdf
287,NULL,NULL,NULL,26-27 GLIA signed quote.pdf,NULL,26-27 BAUT Policy - Gallagher Funeral Homes.pdf,NULL,NULL,Ship Repairer's Legal Liability Application.pdf
288,NULL,NULL,NULL,NULL,NULL,26-27 CUMB Policy.pdf,NULL,NULL,26-27 CYBR Signed App.pdf
289,NULL,NULL,NULL,NULL,NULL,26-27 WCOM Policy.pdf,NULL,NULL,26-27 GLIA Review Application.pdf
290,NULL,NULL,NULL,NULL,NULL,26-27 CPKG Policy.pdf,NULL,NULL,26-27 GLIA Signed App.pdf
291,NULL,NULL,NULL,NULL,NULL,26-27 CPKG Policy.pdf,NULL,NULL,26-27 CPKG Signed App.pdf
292,NULL,NULL,NULL,NULL,NULL,26-27 CPKG Policy.pdf,NULL,NULL,26-27 GLIA Signed App.pdf
293,NULL,NULL,NULL,NULL,NULL,26-27 CPKG Policy.pdf,NULL,NULL,26-27 CPKG signed acord apps.pdf
294,NULL,NULL,NULL,NULL,NULL,26-27 GLIA Policy.pdf,NULL,NULL,26-27 GLIA signed app.pdf
295,NULL,NULL,NULL,NULL,NULL,26-27 PROP Policy.pdf,NULL,NULL,26-27 DOLI Signed App.pdf
296,NULL,NULL,NULL,NULL,NULL,25-26 BAUT Policy.pdf,NULL,NULL,26-27 GLIA Signed Supp App.pdf
297,NULL,NULL,NULL,NULL,NULL,26-27 EQFL Policy.pdf,NULL,NULL,26-27 CUMB signed App.pdf
298,NULL,NULL,NULL,NULL,NULL,26-27 GLIA (LRO) Policy.pdf,NULL,NULL,26-27 GLIA Signed App.pdf
299,NULL,NULL,NULL,NULL,NULL,26-27 GLIA Policy.pdf,NULL,NULL,26-27 WCOM signed app.pdf
300,NULL,NULL,NULL,NULL,NULL,26-27 PROP Policy.pdf,NULL,NULL,25-26 CPKG signed acord app.pdf
301,NULL,NULL,NULL,NULL,NULL,26-27 GLIA Policy.pdf,NULL,NULL,25-26 CPKG(Meat Processing) X-Wind & Hail Signed Acord Apps.pdf
302,NULL,NULL,NULL,NULL,NULL,26-27 GLIA Policy (4 Locations).pdf,NULL,NULL,26-27 BAUT signed app.pdf
303,NULL,NULL,NULL,NULL,NULL,26-27 BOP Business Policy.pdf,NULL,NULL,26-27 BOP Signed Bankers App - Jam Clark (New Iberia).pdf
304,NULL,NULL,NULL,NULL,NULL,26-27 CWIN Policy.pdf,NULL,NULL,26-27 CUMB Signed App.pdf
305,NULL,NULL,NULL,NULL,NULL,25-26 BAUT Policy.pdf,NULL,NULL,26-27 CPKG Signed App.pdf
306,NULL,NULL,NULL,NULL,NULL,25-26 CYBR Policy.pdf,NULL,NULL,26-27 CYBR Signed App.pdf
307,NULL,NULL,NULL,NULL,NULL,25-26 EQFL Policy.pdf,NULL,NULL,26-27 GLIA signed acord app.pdf
308,NULL,NULL,NULL,NULL,NULL,25-26 GLIA Policy.pdf,NULL,NULL,26-27 GLIA signed acord app.pdf
309,NULL,NULL,NULL,NULL,NULL,25-26 PROP Policy.pdf,NULL,NULL,26-27 PROP Signed App.pdf
310,NULL,NULL,NULL,NULL,NULL,26-27 BAUT POLICY.pdf,NULL,NULL,26-27 CUMB Signed App.pdf
311,NULL,NULL,NULL,NULL,NULL,26-27 GARD Policy.pdf,NULL,NULL,26-27 CPKG Signed App.pdf
312,NULL,NULL,NULL,NULL,NULL,26-27 BOP (5630 Plank Rd) Policy.pdf,NULL,NULL,26-27 BAUT Signed App.pdf
313,NULL,NULL,NULL,NULL,NULL,26-27 CPKG Policy.pdf,NULL,NULL,26-27 MISC (E&O) Signed App.pdf
314,NULL,NULL,NULL,NULL,NULL,26-27 BAUT Policy.pdf,NULL,NULL,26-27 GL Signed App.pdf
315,NULL,NULL,NULL,NULL,NULL,26-27 CUMB Policy.pdf,NULL,NULL,26-27 PROF Signed App.pdf
316,NULL,NULL,NULL,NULL,NULL,26-27 GLIA Policy.pdf,NULL,NULL,26-27 GLIA Signed ACCORD APP.pdf
317,NULL,NULL,NULL,NULL,NULL,26-27 CPKG Policy.pdf,NULL,NULL,25-26 CPKG X-WH Signed Acord Apps.pdf
318,NULL,NULL,NULL,NULL,NULL,26-27 GLIA Policy.pdf,NULL,NULL,26-27 CPKG (GLIABAUT) signed app.pdf
319,NULL,NULL,NULL,NULL,NULL,26-27 PROP Policy.pdf,NULL,NULL,26-27 BOP signed acord app.pdf
320,NULL,NULL,NULL,NULL,NULL,25-26 CPKG Policy.pdf,NULL,NULL,26-27 GARD Signed Acord.pdf
321,NULL,NULL,NULL,NULL,NULL,25-26 CUMB Policy.pdf,NULL,NULL,25-26 GLIA signed app.pdf
322,NULL,NULL,NULL,NULL,NULL,26-27 CPKG Policy.pdf,NULL,NULL,25-26 GLIA Review Application.pdf
323,NULL,NULL,NULL,NULL,NULL,26-27 GLIA Policy.pdf,NULL,NULL,26-27 GLIA Signed App.pdf
324,NULL,NULL,NULL,NULL,NULL,26-27 GLIA Policy.pdf,NULL,NULL,26-27 CPKG Signed App.pdf
325,NULL,NULL,NULL,NULL,NULL,25-26 BAUT Policy.pdf,NULL,NULL,26-27 GLIA Signed App.pdf
326,NULL,NULL,NULL,NULL,NULL,12226-72226 BAUT Policy.pdf,NULL,NULL,26-27 GLIA Signed App.pdf
327,NULL,NULL,NULL,NULL,NULL,22826-82826 BAUT Policy.pdf,NULL,NULL,26-27 CPKG Signed Accord.pdf
328,NULL,NULL,NULL,NULL,NULL,26-27 PROP Policy.pdf,NULL,NULL,26-27 MISC Review Application.pdf
329,NULL,NULL,NULL,NULL,NULL,26-27 BOP Policy.pdf,NULL,NULL,26-27 PROP signed app.pdf
330,NULL,NULL,NULL,NULL,NULL,26-27 GLIA Policy.pdf,NULL,NULL,26-27 GLIA signed acord app.pdf
331,NULL,NULL,NULL,NULL,NULL,26-27 PROP Policy.pdf,NULL,NULL,26-27 CPKG signed acord app.pdf
332,NULL,NULL,NULL,NULL,NULL,26-27 CUMB Policy.pdf,NULL,NULL,26-27 DOLI signed McGowan app.pdf
333,NULL,NULL,NULL,NULL,NULL,2926-91526 GLIA Policy.pdf,NULL,NULL,26-27 PROP Signed App.pdf
334,NULL,NULL,NULL,NULL,NULL,2926-91526 PROP Policy.pdf,NULL,NULL,LA PROP APPLICATION.pdf
335,NULL,NULL,NULL,NULL,NULL,26-27 PROP Policy.pdf,NULL,NULL,26-27 GLIA Signed App.pdf
336,NULL,NULL,NULL,NULL,NULL,26-27 CPKG Policy.pdf,NULL,NULL,26-27 CPKG Signed App.pdf
337,NULL,NULL,NULL,NULL,NULL,26-27 BAUT Policy.pdf,NULL,NULL,25-26 PROP SIgned App.pdf
338,NULL,NULL,NULL,NULL,NULL,26-27 BAUT Policy.pdf,NULL,NULL,26-27 DOLI Signed Application.pdf
339,NULL,NULL,NULL,NULL,NULL,26-27 WCOM Policy.pdf,NULL,NULL,26-27 GLIA signed App.pdf
340,NULL,NULL,NULL,NULL,NULL,26-27 GLIA Policy.pdf,NULL,NULL,25-26 PROP Signed app.pdf
341,NULL,NULL,NULL,NULL,NULL,26-27 WCOM Policy -Renewal for EIG494425504 Term 02-14-2026 to 02-14-2027.pdf,NULL,NULL,25-26 LIQ App - Signed.pdf
342,NULL,NULL,NULL,NULL,NULL,26-27 BAUT Policy.pdf,NULL,NULL,TX PROP APPLICATION.pdf
343,NULL,NULL,NULL,NULL,NULL,26-27 BOP Policy.pdf,NULL,NULL,26-27 PROP signed app.pdf
344,NULL,NULL,NULL,NULL,NULL,26-27 CUMB Policy.pdf,NULL,NULL,25-26 CUMB Signed App.pdf
345,NULL,NULL,NULL,NULL,NULL,26-27 BOP Policy - SageSure.pdf,NULL,NULL,26-27 CPKG Signed App.pdf
346,NULL,NULL,NULL,NULL,NULL,26-27 GLIA Policy.pdf,NULL,NULL,26-27 GLIA Signed Docs.pdf
347,NULL,NULL,NULL,NULL,NULL,26-27 BOP Policy.pdf,NULL,NULL,25-26 CPKG Signed Application.pdf
348,NULL,NULL,NULL,NULL,NULL,26-27 CPKG Policy.pdf,NULL,NULL,26-27 GLIA Signed App.pdf
349,NULL,NULL,NULL,NULL,NULL,26-27 CWIN Policy.pdf,NULL,NULL,26-27 CFLD Application - Wichita.pdf
350,NULL,NULL,NULL,NULL,NULL,26-27 PROP Policy.pdf,NULL,NULL,25-26 CUMB Signed Application.pdf
351,NULL,NULL,NULL,NULL,NULL,26-27 GLIA Policy.pdf,NULL,NULL,25-26 PROP Signed App.pdf
352,NULL,NULL,NULL,NULL,NULL,26-27 FIRE Policy.pdf,NULL,NULL,26-27 GLIA Signed app.pdf
353,NULL,NULL,NULL,NULL,NULL,26-27 WCOM Policy.pdf,NULL,NULL,25-26 GLIA signed app.pdf
354,NULL,NULL,NULL,NULL,NULL,26-27 CPKG Policy.pdf,NULL,NULL,26-27 GLIA Signed App.pdf
355,NULL,NULL,NULL,NULL,NULL,26-27 GLIA Policy.pdf,NULL,NULL,26-27 CPKG Signed Corrected App.pdf
356,NULL,NULL,NULL,NULL,NULL,26-27 WCOM Policy.pdf,NULL,NULL,26-27 XLIA Review Application.pdf
357,NULL,NULL,NULL,NULL,NULL,26-27 CPKG Policy.pdf,NULL,NULL,TRIA  APP.pdf
358,NULL,NULL,NULL,NULL,NULL,26-27 GLIA Policy.pdf,NULL,NULL,LA Custom Airboats LLC WCOM Acord.pdf
359,NULL,NULL,NULL,NULL,NULL,26-27 GLIA Policy.pdf,NULL,NULL,26-27 GLIA Signed App.pdf
360,NULL,NULL,NULL,NULL,NULL,26-27 PROP Policy.pdf,NULL,NULL,26-27 PROP Signed Accord.pdf
361,NULL,NULL,NULL,NULL,NULL,26-27 GLIA Policy.pdf,NULL,NULL,26-27 CYBR Signed Accord.pdf
362,NULL,NULL,NULL,NULL,NULL,26-27 BAUT Policy.pdf,NULL,NULL,26-27 GLIA Signed App.pdf
363,NULL,NULL,NULL,NULL,NULL,26-26 BAUT Policy.pdf,NULL,NULL,25-26 PROP Signed ACORD.pdf
364,NULL,NULL,NULL,NULL,NULL,26-27 EQFL Policy.pdf,NULL,NULL,26-27 PROP Signed Acord Apps.pdf
365,NULL,NULL,NULL,NULL,NULL,25-26 GLIA Policy.pdf,NULL,NULL,26-27 GLIA Signed App.pdf
366,NULL,NULL,NULL,NULL,NULL,26-27 PROP Policy.pdf,NULL,NULL,26-27 PROP Signed App.pdf
367,NULL,NULL,NULL,NULL,NULL,26-27 EQFL Policy.pdf,NULL,NULL,25-26 LIQL Review Application.pdf
368,NULL,NULL,NULL,NULL,NULL,26-27 PROP Policy - 416 Colorado.pdf,NULL,NULL,25-26 LIQL (705 & 109 S Eastern Av Review Application.pdf
369,NULL,NULL,NULL,NULL,NULL,Non-Admitted - Westchester Policy - FSF18222486 002 - Stamped.pdf,NULL,NULL,26-27 GLIA Signed revised accord app.pdf
370,NULL,NULL,NULL,NULL,NULL,26-27 EQFL Policy.pdf,NULL,NULL,26-27 GLIA Signed App.pdf
371,NULL,NULL,NULL,NULL,NULL,26-27 WCOM Policy.pdf,NULL,NULL,26-27 GLIA Signed App.pdf
372,NULL,NULL,NULL,NULL,NULL,26-27 WCOM Policy.pdf,NULL,NULL,25-26 CPKG App - signed.pdf
373,NULL,NULL,NULL,NULL,NULL,25-26 WCOM Policy.pdf,NULL,NULL,26-27 GLIA App - signed app.pdf
374,NULL,NULL,NULL,NULL,NULL,25-26 BOP Policy.pdf,NULL,NULL,25-26 LIQL Review Application.pdf
375,NULL,NULL,NULL,NULL,NULL,26-27 CPKG Policy.pdf,NULL,NULL,26-27 XLIA signed acord app.pdf
376,NULL,NULL,NULL,NULL,NULL,26-27 EQFL Policy.pdf,NULL,NULL,26-27 PROP signed acord app.pdf
377,NULL,NULL,NULL,NULL,NULL,26-27 PROP Policy - 1029 Capital.pdf,NULL,NULL,26-27 GLIA signed acord app.pdf
378,NULL,NULL,NULL,NULL,NULL,26-27 CPKG Policy.pdf,NULL,NULL,25-26 CUMB (lead XS) signed app.pdf
379,NULL,NULL,NULL,NULL,NULL,26-27 GLIA Policy.pdf,NULL,NULL,25-26 GLIA signed app.pdf
380,NULL,NULL,NULL,NULL,NULL,26-27 CUMB Policy.pdf,NULL,NULL,26-27 BAUT Signed App.pdf
381,NULL,NULL,NULL,NULL,NULL,26-27 CPKG Policy.pdf,NULL,NULL,25-26 XLIA (5x5) signed Application.pdf
382,NULL,NULL,NULL,NULL,NULL,26-27 MISC (D&O) Policy.pdf,NULL,NULL,25-26 PROP Signed App.pdf
383,NULL,NULL,NULL,NULL,NULL,26-27 CUMB Policy.pdf,NULL,NULL,25-26 GL Signed App.pdf
384,NULL,NULL,NULL,NULL,NULL,26-26 BAUT Policy.pdf,NULL,NULL,25-26 CPKG Signed Accord.pdf
385,NULL,NULL,NULL,NULL,NULL,26-27 PROP Policy-La Citizens.pdf,NULL,NULL,26-27 GLIA Signed App.pdf
386,NULL,NULL,NULL,NULL,NULL,26-27 CPKG Policy.pdf,NULL,NULL,26-27 GARD Signed App.pdf
387,NULL,NULL,NULL,NULL,NULL,25-26 CPKG Policy.pdf,NULL,NULL,26-27 GLIA Signed Renewal App.pdf
388,NULL,NULL,NULL,NULL,NULL,25-26 EQFL Policy.pdf,NULL,NULL,26-27 WCOM Review app SIGNED.pdf
389,NULL,NULL,NULL,NULL,NULL,26-27 EQFL Policy.pdf,NULL,NULL,25-26 EQFL signed App- Crane.pdf
390,NULL,NULL,NULL,NULL,NULL,26-27 CUMB Policy.pdf,NULL,NULL,1726-27 CPKG Signed App.pdf
391,NULL,NULL,NULL,NULL,NULL,25-26 GLIABOAT Policy.pdf,NULL,NULL,25-26 PROP Signed App.pdf
392,NULL,NULL,NULL,NULL,NULL,26-27 CWIN Policy.pdf,NULL,NULL,25-26 CPKG signed acord app.pdf
393,NULL,NULL,NULL,NULL,NULL,26-27 GLIA Policy.pdf,NULL,NULL,26-27 GLIA Signed ACORD APP.pdf
394,NULL,NULL,NULL,NULL,NULL,26-27 GLIA Policy.pdf,NULL,NULL,25-26 GLIA Signed Acord Apps & TRIA.pdf
395,NULL,NULL,NULL,NULL,NULL,26-27CUMB Policy.pdf,NULL,NULL,25-26 CPKG signed acord app.pdf
396,NULL,NULL,NULL,NULL,NULL,26-27 CPKG Policy.pdf,NULL,NULL,25-26 GLIA Review Application.pdf
397,NULL,NULL,NULL,NULL,NULL,26-27 CPKG (Quinn) Policy.pdf,NULL,NULL,PROP Application.pdf
398,NULL,NULL,NULL,NULL,NULL,26-27 GLIA Policy.pdf,NULL,NULL,26-27 CPKG signed app.pdf
399,NULL,NULL,NULL,NULL,NULL,26-27 GLIA Policy.pdf,NULL,NULL,26-27 CPKG Signed Accord.pdf
400,NULL,NULL,NULL,NULL,NULL,26-27 BAUT Policy.pdf,NULL,NULL,25-26 GLIA Review Application.pdf
401,NULL,NULL,NULL,NULL,NULL,26-27 CWIN Policy.pdf,NULL,NULL,25-26 GLIA signed Application.pdf
402,NULL,NULL,NULL,NULL,NULL,25-26 EQFL Policy.pdf,NULL,NULL,25-26 CPKG app - Signed.pdf
403,NULL,NULL,NULL,NULL,NULL,26-27 CYBR Policy.pdf,NULL,NULL,Citizens Application.pdf
404,NULL,NULL,NULL,NULL,NULL,26-27 PROP Policy.pdf,NULL,NULL,25-26 3 month CPKG signed  Accord App.pdf
405,NULL,NULL,NULL,NULL,NULL,26-27 BAUT POLICY.pdf,NULL,NULL,25-26 WCOM LA -Signed App Correced.pdf
406,NULL,NULL,NULL,NULL,NULL,26-27 CYBR Policy.pdf,NULL,NULL,25-26 Bldg 2 - Flood App.pdf
407,NULL,NULL,NULL,NULL,NULL,26-27 DOLI Policy.pdf,NULL,NULL,25-26 Bldg 1 - Flood App.pdf
408,NULL,NULL,NULL,NULL,NULL,26-27 CWIN policy.pdf,NULL,NULL,25-26 GARD signed app.pdf
409,NULL,NULL,NULL,NULL,NULL,26-27 BOP Policy.pdf,NULL,NULL,25-26 CPKG X-WindHail Signed Acord Apps & TRIA.pdf
410,NULL,NULL,NULL,NULL,NULL,26-27 PROP Policy.pdf,NULL,NULL,25-26 CUMB Signed Accord.pdf
411,NULL,NULL,NULL,NULL,NULL,26-27 GLIA Policy.pdf,NULL,NULL,25-26 FIRE Signed App - 254 Malapart.pdf
412,NULL,NULL,NULL,NULL,NULL,26-27 BRSK Policy.pdf,NULL,NULL,25-26 PROP signed app.pdf
413,NULL,NULL,NULL,NULL,NULL,26-27 CPKG Policy.pdf,NULL,NULL,25-26 EQFL signed app.pdf
414,NULL,NULL,NULL,NULL,NULL,26-27 GLIA Policy.pdf,NULL,NULL,26-27 BAUT Signed App.pdf
415,NULL,NULL,NULL,NULL,NULL,26-27 MISC (TNR) Policy.pdf,NULL,NULL,26-27 CPKG signed acord app.pdf
416,NULL,NULL,NULL,NULL,NULL,26-27 CPKG Policy.pdf,NULL,NULL,25-26 FIRE Signed MH App - 1013 Lagneaux.pdf
417,NULL,NULL,NULL,NULL,NULL,26-27 GLIA Policy.pdf,NULL,NULL,26-27 CPKG Signed App.pdf
418,NULL,NULL,NULL,NULL,NULL,26-27 CPKG (GLIA ONLY) Policy.pdf,NULL,NULL,112026-5312026 CPKG Signed Accord.pdf
419,NULL,NULL,NULL,NULL,NULL,26-27 GLIA Policy.pdf,NULL,NULL,26-27 PROF Signed App.pdf
420,NULL,NULL,NULL,NULL,NULL,26-27 PROP Policy.pdf,NULL,NULL,26-27 WRAP signed app.pdf
421,NULL,NULL,NULL,NULL,NULL,26-27 CWIN Policy.pdf,NULL,NULL,25-26 CPKG Signed App.pdf
422,NULL,NULL,NULL,NULL,NULL,26-27 BOP Policy.pdf,NULL,NULL,25-26 PROP Signed App.pdf
423,NULL,NULL,NULL,NULL,NULL,26-27 GLIA Policy.pdf,NULL,NULL,25-26 PROP App - Signed.pdf
424,NULL,NULL,NULL,NULL,NULL,26-27 PROP Policy.pdf,NULL,NULL,26-27 GLIA Signed App.pdf
425,NULL,NULL,NULL,NULL,NULL,26-27 BOP Policy.pdf,NULL,NULL,25-26 BAUT signed app.pdf
426,NULL,NULL,NULL,NULL,NULL,26-27 GLIA Policy.pdf,NULL,NULL,25-26 CPKG signed app.pdf
427,NULL,NULL,NULL,NULL,NULL,26-27 WCOM Policy.pdf,NULL,NULL,5-26 TMHCC Cyber Renewal App.pdf
428,NULL,NULL,NULL,NULL,NULL,26-27 BOP Policy.pdf,NULL,NULL,26-27 GLIA signedApplication.pdf
429,NULL,NULL,NULL,NULL,NULL,26-27 WCOM Policy.pdf,NULL,NULL,26-27 GLIA signed Application.pdf
430,NULL,NULL,NULL,NULL,NULL,26-27 GLIA Policy.pdf,NULL,NULL,NULL
431,NULL,NULL,NULL,NULL,NULL,26-27 BOP Policy.pdf,NULL,NULL,NULL
432,NULL,NULL,NULL,NULL,NULL,26-27 GLIA Policy.pdf,NULL,NULL,NULL
433,NULL,NULL,NULL,NULL,NULL,26-27 GLIA Policy.pdf,NULL,NULL,NULL
434,NULL,NULL,NULL,NULL,NULL,26-27 EQFL Policy.pdf,NULL,NULL,NULL
435,NULL,NULL,NULL,NULL,NULL,26-27 GLIA Policy.pdf,NULL,NULL,NULL
436,NULL,NULL,NULL,NULL,NULL,26-27 CPKG Policy.pdf,NULL,NULL,NULL
437,NULL,NULL,NULL,NULL,NULL,26-27 CPKG Policy.pdf,NULL,NULL,NULL
438,NULL,NULL,NULL,NULL,NULL,26-27 DOLI Policy.pdf,NULL,NULL,NULL
439,NULL,NULL,NULL,NULL,NULL,26-27 PROP Policy.pdf,NULL,NULL,NULL
440,NULL,NULL,NULL,NULL,NULL,IR_26-27_POLICY110001.pdf,NULL,NULL,NULL
441,NULL,NULL,NULL,NULL,NULL,26-27 PROP Policy.pdf,NULL,NULL,NULL
442,NULL,NULL,NULL,NULL,NULL,26-27 CWIN Policy.pdf,NULL,NULL,NULL
443,NULL,NULL,NULL,NULL,NULL,26-27 CWIN Policy.pdf,NULL,NULL,NULL
444,NULL,NULL,NULL,NULL,NULL,25-26 GLIA Policy.pdf,NULL,NULL,NULL
445,NULL,NULL,NULL,NULL,NULL,25-26 CPKG Policy.pdf,NULL,NULL,NULL
446,NULL,NULL,NULL,NULL,NULL,26-27 BOP Policy.pdf,NULL,NULL,NULL
447,NULL,NULL,NULL,NULL,NULL,26-27 CRIM Policy.pdf,NULL,NULL,NULL
448,NULL,NULL,NULL,NULL,NULL,25-26 DOLI Policy.pdf,NULL,NULL,NULL
449,NULL,NULL,NULL,NULL,NULL,26-27 PROP Policy.pdf,NULL,NULL,NULL
450,NULL,NULL,NULL,NULL,NULL,26-27 PROP Policy - 500 & 505 Northeast Court.pdf,NULL,NULL,NULL
451,NULL,NULL,NULL,NULL,NULL,26-27 GLIA Policy.pdf,NULL,NULL,NULL
452,NULL,NULL,NULL,NULL,NULL,26-27 CUMB Policy.pdf,NULL,NULL,NULL
453,NULL,NULL,NULL,NULL,NULL,26-27 GLIA Policy.pdf,NULL,NULL,NULL
454,NULL,NULL,NULL,NULL,NULL,completed_policy.pdf,NULL,NULL,NULL
455,NULL,NULL,NULL,NULL,NULL,26-27 PROP Policy - 568 Northeast Court & 200 Frog.pdf,NULL,NULL,NULL
456,NULL,NULL,NULL,NULL,NULL,26-27 CPKG Policy.pdf,NULL,NULL,NULL
457,NULL,NULL,NULL,NULL,NULL,26-27 WCOM policy (w TSL as agent).pdf,NULL,NULL,NULL
458,NULL,NULL,NULL,NULL,NULL,26-27 XLIA REN POLICY AUX0000082176 RENEWAL.pdf,NULL,NULL,NULL
459,NULL,NULL,NULL,NULL,NULL,26-27 GLIA REN POLICY AFR0000075657.pdf,NULL,NULL,NULL
460,NULL,NULL,NULL,NULL,NULL,26-27 GLIA Policy.pdf,NULL,NULL,NULL
461,NULL,NULL,NULL,NULL,NULL,25-26 GLIA Policy.pdf,NULL,NULL,NULL
462,NULL,NULL,NULL,NULL,NULL,26-27 CYBR Policy.pdf,NULL,NULL,NULL
463,NULL,NULL,NULL,NULL,NULL,26-27 BAUT Policy.pdf,NULL,NULL,NULL
464,NULL,NULL,NULL,NULL,NULL,26-27 GLIA Policy.pdf,NULL,NULL,NULL
465,NULL,NULL,NULL,NULL,NULL,26-27 CWIN Policy.pdf,NULL,NULL,NULL
466,NULL,NULL,NULL,NULL,NULL,26-27 CWIN policy.pdf,NULL,NULL,NULL
467,NULL,NULL,NULL,NULL,NULL,25-26 CUMB Policy.pdf,NULL,NULL,NULL
468,NULL,NULL,NULL,NULL,NULL,26-27 CUMB Policy.pdf,NULL,NULL,NULL
469,NULL,NULL,NULL,NULL,NULL,26-27 GLIA Policy.pdf,NULL,NULL,NULL
470,NULL,NULL,NULL,NULL,NULL,26-27 PROP Policy.pdf,NULL,NULL,NULL
471,NULL,NULL,NULL,NULL,NULL,26-27 CWIN Policy.pdf,NULL,NULL,NULL
472,NULL,NULL,NULL,NULL,NULL,26-27 CYBR Policy.pdf,NULL,NULL,NULL
473,NULL,NULL,NULL,NULL,NULL,26-27 MGL Policy.pdf,NULL,NULL,NULL
474,NULL,NULL,NULL,NULL,NULL,26-27 CYBR Policy.pdf,NULL,NULL,NULL
475,NULL,NULL,NULL,NULL,NULL,26-27 WCOM Policy.pdf,NULL,NULL,NULL
476,NULL,NULL,NULL,NULL,NULL,26-27 BAUT Policy.pdf,NULL,NULL,NULL
477,NULL,NULL,NULL,NULL,NULL,IR_26-27_POLICY110001.pdf,NULL,NULL,NULL
478,NULL,NULL,NULL,NULL,NULL,26-27 CFLD Policy.pdf,NULL,NULL,NULL
479,NULL,NULL,NULL,NULL,NULL,26-27 BAUT Policy.pdf,NULL,NULL,NULL
480,NULL,NULL,NULL,NULL,NULL,26-27 GLIA Policy.pdf,NULL,NULL,NULL
481,NULL,NULL,NULL,NULL,NULL,26-27 CPKG Policy.pdf,NULL,NULL,NULL
482,NULL,NULL,NULL,NULL,NULL,26-27 GLIA Policy.pdf,NULL,NULL,NULL
483,NULL,NULL,NULL,NULL,NULL,26-27 CPKG Policy.pdf,NULL,NULL,NULL
484,NULL,NULL,NULL,NULL,NULL,26-27 GLIA Policy.pdf,NULL,NULL,NULL
485,NULL,NULL,NULL,NULL,NULL,26-27 DOLI Policy.pdf,NULL,NULL,NULL
486,NULL,NULL,NULL,NULL,NULL,26-27 GLIA Policy.pdf,NULL,NULL,NULL
487,NULL,NULL,NULL,NULL,NULL,26-27 CUMB Policy.pdf,NULL,NULL,NULL
488,NULL,NULL,NULL,NULL,NULL,26-27 GLIA Policy.pdf,NULL,NULL,NULL
489,NULL,NULL,NULL,NULL,NULL,26-27 BOP Policy.pdf,NULL,NULL,NULL
490,NULL,NULL,NULL,NULL,NULL,26-27 CPKG policy.pdf,NULL,NULL,NULL
491,NULL,NULL,NULL,NULL,NULL,26-27 WCOM Policy.pdf,NULL,NULL,NULL
492,NULL,NULL,NULL,NULL,NULL,26-27 WCOM policy.pdf,NULL,NULL,NULL
493,NULL,NULL,NULL,NULL,NULL,26-27 CUMB Policy.pdf,NULL,NULL,NULL
494,NULL,NULL,NULL,NULL,NULL,26-27 BAUT Policy.pdf,NULL,NULL,NULL
495,NULL,NULL,NULL,NULL,NULL,26-27 GLIA Policy.pdf,NULL,NULL,NULL
496,NULL,NULL,NULL,NULL,NULL,25-26 CPKG Policy - 117 Banks.pdf,NULL,NULL,NULL
497,NULL,NULL,NULL,NULL,NULL,25-26 CPKG (Meat Processing) X- WH Policy.pdf,NULL,NULL,NULL
498,NULL,NULL,NULL,NULL,NULL,26-27 WCOM Policy.pdf,NULL,NULL,NULL
499,NULL,NULL,NULL,NULL,NULL,26-27 BAUT Policy.pdf,NULL,NULL,NULL
500,NULL,NULL,NULL,NULL,NULL,26-27 BOP Policy - Jam Clark (New Iberia).pdf,NULL,NULL,NULL
